{
  "84360": [
    "Lori",
    "B018Y229OU"
  ],
  "22560": [
    "brittanys",
    "B018Y229OU"
  ],
  "72772": [
    "VamsiKrishna",
    "B018Y229OU"
  ],
  "36078": [
    "NG01",
    "B018Y229OU"
  ],
  "19984": [
    "BestBuyNickname",
    "B018Y229OU"
  ],
  "96590": [
    "Eliseo123",
    "B018Y229OU"
  ],
  "45090": [
    "slaw1962",
    "B018Y229OU"
  ],
  "89508": [
    "missy",
    "B018Y229OU"
  ],
  "94014": [
    "Shawn",
    "B018Y229OU"
  ],
  "21914": [
    "spawnevil",
    "B018Y229OU"
  ],
  "91117": [
    "queque",
    "B018Y229OU"
  ],
  "54423": [
    "Santi",
    "B018Y229OU"
  ],
  "30926": [
    "Rochelle",
    "B018Y229OU"
  ],
  "89829": [
    "Ram1athon",
    "B018Y229OU"
  ],
  "19338": [
    "JenniferW",
    "B018Y229OU"
  ],
  "47341": [
    "rcalderon86",
    "B018Y229OU"
  ],
  "54744": [
    "Momma777",
    "B018Y229OU"
  ],
  "44444": [
    "Raxs51",
    "B018Y229OU"
  ],
  "27062": [
    "Dana",
    "B018Y229OU"
  ],
  "85965": [
    "Happymom",
    "B018Y229OU"
  ],
  "75665": [
    "Kumar",
    "B018Y229OU"
  ],
  "55065": [
    "Zaben",
    "B018Y229OU"
  ],
  "24165": [
    "Timbo",
    "B018Y229OU"
  ],
  "93368": [
    "Rdm11",
    "B018Y229OU"
  ],
  "31568": [
    "Karlysmom",
    "B018Y229OU"
  ],
  "87574": [
    "Steel",
    "B018Y229OU"
  ],
  "46374": [
    "Someone",
    "B018Y229OU"
  ],
  "40580": [
    "Locomanso",
    "B018Y229OU"
  ],
  "65686": [
    "wbane",
    "B018Y229OU"
  ],
  "14186": [
    "Mcampyon",
    "B018Y229OU"
  ],
  "98195": [
    "pattycake",
    "B018Y229OU"
  ],
  "92401": [
    "JWilliams",
    "B018Y229OU"
  ],
  "30601": [
    "Robert",
    "B018Y229OU"
  ],
  "86607": [
    "Chrissy",
    "B018Y229OU"
  ],
  "91113": [
    "Sunder",
    "B018Y229OU"
  ],
  "88216": [
    "Cris",
    "B018Y229OU"
  ],
  "76628": [
    "chipolopo",
    "B018Y229OU"
  ],
  "35428": [
    "Boss",
    "B018Y229OU"
  ],
  "4528": [
    "RyDRunner",
    "B018Y229OU"
  ],
  "70834": [
    "1grammyk",
    "B018Y229OU"
  ],
  "44440": [
    "bestbuy",
    "B018Y229OU"
  ],
  "13540": [
    "Hawk27",
    "B018Y229OU"
  ],
  "41543": [
    "Jamo",
    "B018Y229OU"
  ],
  "43152": [
    "Hawgfan",
    "B018Y229OU"
  ],
  "55061": [
    "reyessal17",
    "B018Y229OU"
  ],
  "13861": [
    "Doll",
    "B018Y229OU"
  ],
  "43473": [
    "kris",
    "B018Y229OU"
  ],
  "99479": [
    "catfish",
    "B018Y229OU"
  ],
  "47979": [
    "Warrior58",
    "B018Y229OU"
  ],
  "17079": [
    "LekkerSussie",
    "B018Y229OU"
  ],
  "34782": [
    "Ross",
    "B018Y229OU"
  ],
  "73085": [
    "Tigger",
    "B018Y229OU"
  ],
  "52485": [
    "Likrockdiesel",
    "B018Y229OU"
  ],
  "21585": [
    "LBG1",
    "B018Y229OU"
  ],
  "54094": [
    "Alex",
    "B018Y229OU"
  ],
  "40897": [
    "monkeearms",
    "B018Y229OU"
  ],
  "38000": [
    "Gopal",
    "B018Y229OU"
  ],
  "94006": [
    "Hulk",
    "B018Y229OU"
  ],
  "70509": [
    "Bears01",
    "B018Y229OU"
  ],
  "64715": [
    "docalien",
    "B018Y229OU"
  ],
  "23515": [
    "blopez1976",
    "B018Y229OU"
  ],
  "13215": [
    "Jonathan",
    "B018Y229OU"
  ],
  "97224": [
    "TJH618",
    "B018Y229OU"
  ],
  "70830": [
    "Mib414",
    "B018Y229OU"
  ],
  "29630": [
    "Rick",
    "B018Y229OU"
  ],
  "31239": [
    "SuessM",
    "B018Y229OU"
  ],
  "7742": [
    "Dave",
    "B018Y229OU"
  ],
  "66645": [
    "MrMu",
    "B018Y229OU"
  ],
  "25445": [
    "Kcoburn27",
    "B018Y229OU"
  ],
  "84348": [
    "Goldilox",
    "B018Y229OU"
  ],
  "32848": [
    "nikkiash85",
    "B018Y229OU"
  ],
  "50551": [
    "SKYLAR",
    "B018Y229OU"
  ],
  "9351": [
    "Catfish",
    "B018Y229OU"
  ],
  "16754": [
    "User",
    "B018Y229OU"
  ],
  "93360": [
    "Techbridger",
    "B018Y229OU"
  ],
  "51193": [
    "Skipper",
    "B018Y229OU"
  ],
  "41535": [
    "Krissimoe",
    "B018Y229OU"
  ],
  "74044": [
    "jrod",
    "B018Y229OU"
  ],
  "12244": [
    "FFI61",
    "B018Y229OU"
  ],
  "9347": [
    "Mamabear",
    "B018Y229OU"
  ],
  "6450": [
    "RandallB",
    "B018Y229OU"
  ],
  "13853": [
    "gambit4",
    "B018Y229OU"
  ],
  "59559": [
    "Kcastro",
    "B018Y229OU"
  ],
  "38959": [
    "Shar161r",
    "B018Y229OU"
  ],
  "33165": [
    "2rainbows",
    "B018Y229OU"
  ],
  "37671": [
    "Cilla",
    "B018Y229OU"
  ],
  "84986": [
    "AAAK",
    "B018Y229OU"
  ],
  "12886": [
    "Nat4",
    "B018Y229OU"
  ],
  "61489": [
    "Juanr",
    "B018Y229OU"
  ],
  "79192": [
    "Brii",
    "B018Y229OU"
  ],
  "52798": [
    "timmd",
    "B018Y229OU"
  ],
  "32198": [
    "jimmy",
    "B018Y229OU"
  ],
  "98504": [
    "Pickles",
    "B018Y229OU"
  ],
  "75007": [
    "BakEm420",
    "B018Y229OU"
  ],
  "2907": [
    "hgaynor",
    "B018Y229OU"
  ],
  "69213": [
    "Ljay",
    "B018Y229OU"
  ],
  "48613": [
    "Boogie",
    "B018Y229OU"
  ],
  "86916": [
    "sassy",
    "B018Y229OU"
  ],
  "39922": [
    "vps826",
    "B018Y229OU"
  ],
  "4837": [
    "Tonytwan",
    "B018Y229OU"
  ],
  "88846": [
    "SgtKool",
    "B018Y229OU"
  ],
  "78546": [
    "00worm",
    "B018Y229OU"
  ],
  "37346": [
    "manfred",
    "B018Y229OU"
  ],
  "8055": [
    "Slizzie",
    "B018Y229OU"
  ],
  "64061": [
    "Nick",
    "B018Y229OU"
  ],
  "50864": [
    "Angr",
    "B018Y229OU"
  ],
  "99467": [
    "mickeymouse",
    "B018Y229OU"
  ],
  "47967": [
    "Abuela",
    "B018Y229OU"
  ],
  "3870": [
    "Carlos",
    "B018Y229OU"
  ],
  "93673": [
    "Shelley2016",
    "B018Y229OU"
  ],
  "77579": [
    "arvi",
    "B018Y229OU"
  ],
  "86591": [
    "paul20tech",
    "B018Y229OU"
  ],
  "76291": [
    "PeteKNH",
    "B018Y229OU"
  ],
  "45712": [
    "Smurfette",
    "B018Y229OU"
  ],
  "84015": [
    "Jane",
    "B018Y229OU"
  ],
  "39918": [
    "purplegirl",
    "B018Y229OU"
  ],
  "19318": [
    "Colin",
    "B018Y229OU"
  ],
  "28330": [
    "shorty",
    "B018Y229OU"
  ],
  "68242": [
    "Sonja",
    "B018Y229OU"
  ],
  "68563": [
    "Meka",
    "B018Y229OU"
  ],
  "47963": [
    "Firepixie79",
    "B018Y229OU"
  ],
  "21569": [
    "Tkrob",
    "B018Y229OU"
  ],
  "70172": [
    "Gartam",
    "B018Y229OU"
  ],
  "59872": [
    "PapiGrande",
    "B018Y229OU"
  ],
  "98175": [
    "Andrea",
    "B018Y229OU"
  ],
  "95278": [
    "MsPurple1",
    "B018Y229OU"
  ],
  "33478": [
    "Blinkie",
    "B018Y229OU"
  ],
  "51181": [
    "Snooky",
    "B018Y229OU"
  ],
  "86587": [
    "jnwoods",
    "B018Y229OU"
  ],
  "76287": [
    "johnny",
    "B018Y229OU"
  ],
  "45387": [
    "Happy",
    "B018Y229OU"
  ],
  "35087": [
    "Mmkk",
    "B018Y229OU"
  ],
  "21890": [
    "Grizzy",
    "B018Y229OU"
  ],
  "1290": [
    "Srini",
    "B018Y229OU"
  ],
  "91093": [
    "Dmetoyer",
    "B018Y229OU"
  ],
  "49893": [
    "Iris209",
    "B018Y229OU"
  ],
  "67596": [
    "Tam1",
    "B018Y229OU"
  ],
  "57296": [
    "Sgree",
    "B018Y229OU"
  ],
  "74999": [
    "Coachcope",
    "B018Y229OU"
  ],
  "13199": [
    "Jenn",
    "B018Y229OU"
  ],
  "20602": [
    "Megp",
    "B018Y229OU"
  ],
  "48605": [
    "Bestcustomer",
    "B018Y229OU"
  ],
  "66308": [
    "Sharkdude",
    "B018Y229OU"
  ],
  "56008": [
    "Denny",
    "B018Y229OU"
  ],
  "73711": [
    "Lizzie",
    "B018Y229OU"
  ],
  "42811": [
    "batman3000",
    "B018Y229OU"
  ],
  "88517": [
    "Bond",
    "B018Y229OU"
  ],
  "78217": [
    "Marcuspower",
    "B018Y229OU"
  ],
  "65020": [
    "Apple",
    "B018Y229OU"
  ],
  "54720": [
    "MrsStrickland",
    "B018Y229OU"
  ],
  "28326": [
    "Your",
    "B018Y229OU"
  ],
  "18026": [
    "kvisage",
    "B018Y229OU"
  ],
  "29935": [
    "Momof1",
    "B018Y229OU"
  ],
  "3541": [
    "Loveworthy229",
    "B018Y229OU"
  ],
  "97850": [
    "etexas",
    "B018Y229OU"
  ],
  "66950": [
    "bear6010",
    "B018Y229OU"
  ],
  "2253": [
    "balaji",
    "B018Y229OU"
  ],
  "6759": [
    "BusyMom",
    "B018Y229OU"
  ],
  "11265": [
    "Mcamacho68",
    "B018Y229OU"
  ],
  "67271": [
    "JAGS",
    "B018Y229OU"
  ],
  "15771": [
    "Tabletdude",
    "B018Y229OU"
  ],
  "95274": [
    "Charlie",
    "B018Y229OU"
  ],
  "71777": [
    "Bashful",
    "B018Y229OU"
  ],
  "61477": [
    "Microsd",
    "B018Y229OU"
  ],
  "30577": [
    "Rooster",
    "B018Y229OU"
  ],
  "24783": [
    "Kindel",
    "B018Y229OU"
  ],
  "52786": [
    "Jose417",
    "B018Y229OU"
  ],
  "42486": [
    "angelica",
    "B018Y229OU"
  ],
  "18989": [
    "Southernmerc91",
    "B018Y229OU"
  ],
  "8689": [
    "Roshana",
    "B018Y229OU"
  ],
  "33795": [
    "firewiz314",
    "B018Y229OU"
  ],
  "51498": [
    "Stormy",
    "B018Y229OU"
  ],
  "30898": [
    "JIMMY",
    "B018Y229OU"
  ],
  "7401": [
    "ShanNick",
    "B018Y229OU"
  ],
  "97204": [
    "Javie",
    "B018Y229OU"
  ],
  "73707": [
    "batdan7",
    "B018Y229OU"
  ],
  "32507": [
    "Reese",
    "B018Y229OU"
  ],
  "50210": [
    "Danakkodi",
    "B018Y229OU"
  ],
  "9010": [
    "fl99",
    "B018Y229OU"
  ],
  "67913": [
    "Tangee",
    "B018Y229OU"
  ],
  "10619": [
    "Jag79",
    "B018Y229OU"
  ],
  "38622": [
    "likeswholesomemovies",
    "B018Y229OU"
  ],
  "28322": [
    "Sdj96781",
    "B018Y229OU"
  ],
  "66625": [
    "BigPoppa",
    "B018Y229OU"
  ],
  "4825": [
    "Rae1414",
    "B018Y229OU"
  ],
  "53428": [
    "MovieLoverNH",
    "B018Y229OU"
  ],
  "60831": [
    "33Lolijean",
    "B018Y229OU"
  ],
  "6434": [
    "cuba",
    "B018Y229OU"
  ],
  "34437": [
    "Ac12",
    "B018Y229OU"
  ],
  "24137": [
    "Kmhsnow",
    "B018Y229OU"
  ],
  "3537": [
    "Kaye",
    "B018Y229OU"
  ],
  "83040": [
    "PlayerBLUE",
    "B018Y229OU"
  ],
  "62440": [
    "MeMe",
    "B018Y229OU"
  ],
  "41840": [
    "Dhanyelle",
    "B018Y229OU"
  ],
  "90443": [
    "Lando",
    "B018Y229OU"
  ],
  "18343": [
    "DeeDee",
    "B018Y229OU"
  ],
  "46346": [
    "Satisfied",
    "B018Y229OU"
  ],
  "5146": [
    "dyzfnctional",
    "B018Y229OU"
  ],
  "12549": [
    "jjms1980",
    "B018Y229OU"
  ],
  "61152": [
    "tkrob",
    "B018Y229OU"
  ],
  "96558": [
    "Notsotechperson",
    "B018Y229OU"
  ],
  "62761": [
    "Cayman",
    "B018Y229OU"
  ],
  "11261": [
    "Oreo",
    "B018Y229OU"
  ],
  "70164": [
    "Kris",
    "B018Y229OU"
  ],
  "56967": [
    "JonM1102",
    "B018Y229OU"
  ],
  "63082": [
    "Cyber",
    "B018Y229OU"
  ],
  "32182": [
    "Yeqon",
    "B018Y229OU"
  ],
  "21882": [
    "Brownie2002",
    "B018Y229OU"
  ],
  "33791": [
    "SaucyRooster",
    "B018Y229OU"
  ],
  "79497": [
    "Zigha",
    "B018Y229OU"
  ],
  "76600": [
    "Mona1",
    "B018Y229OU"
  ],
  "66300": [
    "edizzle",
    "B018Y229OU"
  ],
  "35400": [
    "GeekgirlNH",
    "B018Y229OU"
  ],
  "73703": [
    "Clyde",
    "B018Y229OU"
  ],
  "98809": [
    "Cruiser14",
    "B018Y229OU"
  ],
  "57609": [
    "jade918",
    "B018Y229OU"
  ],
  "47309": [
    "lossotos4",
    "B018Y229OU"
  ],
  "6109": [
    "todd4foot1",
    "B018Y229OU"
  ],
  "95912": [
    "supacat",
    "B018Y229OU"
  ],
  "13512": [
    "Shopper8",
    "B018Y229OU"
  ],
  "93015": [
    "Fifa12machine",
    "B018Y229OU"
  ],
  "79818": [
    "SevenOne",
    "B018Y229OU"
  ],
  "18018": [
    "ndmat",
    "B018Y229OU"
  ],
  "74024": [
    "Dman5654",
    "B018Y229OU"
  ],
  "63724": [
    "igonima",
    "B018Y229OU"
  ],
  "60827": [
    "Travo",
    "B018Y229OU"
  ],
  "29927": [
    "Brenda",
    "B018Y229OU"
  ],
  "9327": [
    "Janetb",
    "B018Y229OU"
  ],
  "44733": [
    "alopezmx13",
    "B018Y229OU"
  ],
  "31536": [
    "KJL919",
    "B018Y229OU"
  ],
  "90439": [
    "RodL",
    "B018Y229OU"
  ],
  "37651": [
    "DogLover",
    "B018Y229OU"
  ],
  "27351": [
    "Reasky16",
    "B018Y229OU"
  ],
  "96554": [
    "ricardo",
    "B018Y229OU"
  ],
  "24454": [
    "Bunger",
    "B018Y229OU"
  ],
  "83357": [
    "odest236",
    "B018Y229OU"
  ],
  "31857": [
    "713gta5er",
    "B018Y229OU"
  ],
  "59860": [
    "rickiebevan",
    "B018Y229OU"
  ],
  "8360": [
    "Eric",
    "B018Y229OU"
  ],
  "98163": [
    "Brynwithau",
    "B018Y229OU"
  ]
}