{
  "10326": [
    "TheFamily",
    "B018Y229OU"
  ],
  "58929": [
    "Weezie07",
    "B018Y229OU"
  ],
  "57316": [
    "daniel12488",
    "B018Y229OU"
  ],
  "18367": [
    "AC109",
    "B018Y229OU"
  ],
  "71476": [
    "mooseymomofmany",
    "B018Y229OU"
  ],
  "29309": [
    "sweets",
    "B018Y229OU"
  ],
  "18363": [
    "UR2SWEET",
    "B018Y229OU"
  ],
  "54090": [
    "Donpc",
    "B018Y229OU"
  ],
  "97541": [
    "7spoons",
    "B018Y229OU"
  ],
  "59555": [
    "BmoreBob",
    "B018Y229OU"
  ],
  "40885": [
    "Nkane40",
    "B018Y229OU"
  ],
  "25112": [
    "Jpplease",
    "B018Y229OU"
  ],
  "29618": [
    "Curtis",
    "B018Y229OU"
  ],
  "79830": [
    "becca",
    "B018Y229OU"
  ],
  "65666": [
    "Babybear",
    "B018Y229OU"
  ],
  "88196": [
    "SCMc",
    "B018Y229OU"
  ],
  "9656": [
    "JoeNavy",
    "B018Y229OU"
  ],
  "31861": [
    "GrantW",
    "B018Y229OU"
  ],
  "99130": [
    "Cee215",
    "B018Y229OU"
  ],
  "66942": [
    "Kujayhawks",
    "B018Y229OU"
  ]
}