{"1": "4.0", "21": "4.0", "34": "4.0", "36": "4.0", "39": "3.0", "50": "4.0", "58": "5.0", "110": "4.0", "150": "3.0", "153": "3.0", "232": "4.0", "247": "5.0", "253": "3.0", "261": "4.0", "265": "3.0", "266": "1.0", "290": "5.0", "296": "5.0", "300": "3.0", "316": "2.0", "318": "3.0", "344": "3.0", "349": "3.0", "357": "2.0", "364": "3.0", "367": "4.0", "380": "2.0", "410": "3.0", "457": "4.0", "474": "4.0", "475": "5.0", "515": "3.0", "527": "5.0", "531": "4.0", "534": "3.0", "588": "4.0", "589": "3.0", "590": "5.0", "592": "3.0", "594": "5.0", "595": "5.0", "596": "5.0", "597": "3.0", "608": "3.0"}