{"2": "4.0", "10": "2.0", "11": "4.0", "21": "4.0", "32": "3.0", "34": "5.0", "39": "3.0", "47": "4.0", "50": "5.0", "110": "3.0", "141": "3.0", "150": "4.0", "153": "2.0", "185": "5.0", "186": "4.0", "208": "3.0", "231": "4.0", "235": "3.0", "236": "3.0", "252": "3.0", "253": "5.0", "282": "3.0", "292": "3.0", "296": "4.0", "317": "3.0", "318": "5.0", "339": "3.0", "356": "3.0", "357": "5.0", "364": "5.0", "367": "3.0", "377": "4.0", "380": "5.0", "432": "1.0", "440": "3.0", "454": "4.0", "457": "3.0", "480": "4.0", "500": "2.0", "527": "5.0", "539": "3.0", "586": "3.0", "587": "3.0", "590": "5.0", "592": "3.0", "593": "4.0", "597": "3.0"}