{
  "74060": [
    "Yvette",
    "B018Y229OU"
  ],
  "85969": [
    "Beninkc",
    "B018Y229OU"
  ],
  "75023": [
    "LadyQ",
    "B018Y229OU"
  ],
  "51526": [
    "RCZon",
    "B018Y229OU"
  ],
  "56353": [
    "waasaa",
    "B018Y229OU"
  ],
  "42189": [
    "dshaund82",
    "B018Y229OU"
  ],
  "59888": [
    "jujubri",
    "B018Y229OU"
  ],
  "12894": [
    "sweetiekitty",
    "B018Y229OU"
  ],
  "99475": [
    "Quasimodo",
    "B018Y229OU"
  ],
  "23511": [
    "AshT",
    "B018Y229OU"
  ],
  "96253": [
    "OkJerry",
    "B018Y229OU"
  ],
  "68571": [
    "Yesi",
    "B018Y229OU"
  ],
  "67921": [
    "Henry",
    "B018Y229OU"
  ],
  "36054": [
    "klowies",
    "B018Y229OU"
  ],
  "3220": [
    "Thejerk",
    "B018Y229OU"
  ],
  "39268": [
    "RockinCD",
    "B018Y229OU"
  ],
  "48280": [
    "Anonymous",
    "B018Y229OU"
  ],
  "45704": [
    "mamabear",
    "B018Y229OU"
  ],
  "39910": [
    "kcladyz",
    "B018Y229OU"
  ],
  "88834": [
    "Londa",
    "B018Y229OU"
  ],
  "8043": [
    "Hawaii",
    "B018Y229OU"
  ],
  "18985": [
    "Jose",
    "B018Y229OU"
  ]
}