{
  "62151": [
    "Tndeb",
    "B018Y229OU"
  ],
  "20951": [
    "Ajames",
    "B018Y229OU"
  ],
  "10651": [
    "seirfmike",
    "B018Y229OU"
  ],
  "351": [
    "Keaton213",
    "B018Y229OU"
  ],
  "79854": [
    "CoolGranny51",
    "B018Y229OU"
  ],
  "69554": [
    "Ruben",
    "B018Y229OU"
  ],
  "38654": [
    "Meechie",
    "B018Y229OU"
  ],
  "97557": [
    "pharmguy",
    "B018Y229OU"
  ],
  "46057": [
    "cnnterr",
    "B018Y229OU"
  ],
  "15157": [
    "Feed",
    "B018Y229OU"
  ],
  "63760": [
    "Tsehaye",
    "B018Y229OU"
  ],
  "41872": [
    "easyg",
    "B018Y229OU"
  ],
  "87578": [
    "tablet",
    "B018Y229OU"
  ],
  "66978": [
    "Papap",
    "B018Y229OU"
  ],
  "5178": [
    "Chic",
    "B018Y229OU"
  ],
  "74381": [
    "Juggalo23451",
    "B018Y229OU"
  ],
  "64081": [
    "Rhonda",
    "B018Y229OU"
  ],
  "53781": [
    "Jude",
    "B018Y229OU"
  ],
  "43481": [
    "Dabest",
    "B018Y229OU"
  ],
  "71484": [
    "MRMVS",
    "B018Y229OU"
  ],
  "9684": [
    "paparaven",
    "B018Y229OU"
  ],
  "58287": [
    "mine",
    "B018Y229OU"
  ],
  "17087": [
    "hijadeDios",
    "B018Y229OU"
  ],
  "86290": [
    "Mendez",
    "B018Y229OU"
  ],
  "24490": [
    "Kitty",
    "B018Y229OU"
  ],
  "93693": [
    "Patty",
    "B018Y229OU"
  ],
  "83393": [
    "stash4964",
    "B018Y229OU"
  ],
  "62793": [
    "Akhil",
    "B018Y229OU"
  ],
  "23202": [
    "Ketta",
    "B018Y229OU"
  ],
  "2602": [
    "Red0328",
    "B018Y229OU"
  ],
  "99808": [
    "01taisha",
    "B018Y229OU"
  ],
  "76311": [
    "NJSurfs",
    "B018Y229OU"
  ],
  "4211": [
    "Mybabyboys",
    "B018Y229OU"
  ],
  "83714": [
    "honey",
    "B018Y229OU"
  ],
  "73414": [
    "DCinMD",
    "B018Y229OU"
  ],
  "11614": [
    "chef",
    "B018Y229OU"
  ],
  "19017": [
    "Steph",
    "B018Y229OU"
  ],
  "95623": [
    "copierman66",
    "B018Y229OU"
  ],
  "85323": [
    "Nagoyab",
    "B018Y229OU"
  ],
  "92726": [
    "Chaju",
    "B018Y229OU"
  ],
  "72126": [
    "musicman53",
    "B018Y229OU"
  ],
  "61826": [
    "Gardenlady3",
    "B018Y229OU"
  ],
  "69229": [
    "BigErica4",
    "B018Y229OU"
  ],
  "38329": [
    "Dutch",
    "B018Y229OU"
  ],
  "56032": [
    "jenden",
    "B018Y229OU"
  ],
  "1635": [
    "Tyler",
    "B018Y229OU"
  ],
  "75344": [
    "dim5um",
    "B018Y229OU"
  ],
  "82747": [
    "Weasel",
    "B018Y229OU"
  ],
  "62147": [
    "Smith45556",
    "B018Y229OU"
  ],
  "31247": [
    "Pieman18",
    "B018Y229OU"
  ],
  "9359": [
    "Dale",
    "B018Y229OU"
  ],
  "88862": [
    "Yogurtslinger",
    "B018Y229OU"
  ],
  "78562": [
    "scrappy4317",
    "B018Y229OU"
  ],
  "96265": [
    "richrude",
    "B018Y229OU"
  ],
  "34465": [
    "Lastdolla",
    "B018Y229OU"
  ],
  "3565": [
    "Steve",
    "B018Y229OU"
  ],
  "83068": [
    "MissD",
    "B018Y229OU"
  ],
  "52168": [
    "spdstores",
    "B018Y229OU"
  ],
  "21268": [
    "Jonnie",
    "B018Y229OU"
  ],
  "10968": [
    "C3vet",
    "B018Y229OU"
  ],
  "668": [
    "lovely2014",
    "B018Y229OU"
  ],
  "80171": [
    "Matt",
    "B018Y229OU"
  ],
  "49271": [
    "Eliteshopper",
    "B018Y229OU"
  ],
  "38971": [
    "Tiberius",
    "B018Y229OU"
  ],
  "8071": [
    "drich03",
    "B018Y229OU"
  ],
  "77274": [
    "Ladydi",
    "B018Y229OU"
  ],
  "15474": [
    "gator1",
    "B018Y229OU"
  ],
  "9680": [
    "Elpajarolocko12345",
    "B018Y229OU"
  ],
  "99483": [
    "customer",
    "B018Y229OU"
  ],
  "17083": [
    "martor",
    "B018Y229OU"
  ],
  "86286": [
    "sonny",
    "B018Y229OU"
  ],
  "75986": [
    "Ebone",
    "B018Y229OU"
  ],
  "24486": [
    "bob2",
    "B018Y229OU"
  ],
  "3886": [
    "Granny3xs",
    "B018Y229OU"
  ],
  "93689": [
    "Robbie",
    "B018Y229OU"
  ],
  "83389": [
    "Raee",
    "B018Y229OU"
  ],
  "59892": [
    "Nick316",
    "B018Y229OU"
  ],
  "8392": [
    "Faith77",
    "B018Y229OU"
  ],
  "67295": [
    "Rame",
    "B018Y229OU"
  ],
  "5495": [
    "DJ37922",
    "B018Y229OU"
  ],
  "12898": [
    "Jaype",
    "B018Y229OU"
  ],
  "71801": [
    "cmccord9",
    "B018Y229OU"
  ],
  "51201": [
    "shay",
    "B018Y229OU"
  ],
  "68904": [
    "Rebekah",
    "B018Y229OU"
  ],
  "38004": [
    "Barra2",
    "B018Y229OU"
  ],
  "27704": [
    "Onebadmutha",
    "B018Y229OU"
  ],
  "96907": [
    "Kika",
    "B018Y229OU"
  ],
  "76307": [
    "larnold219",
    "B018Y229OU"
  ],
  "14507": [
    "GuyD",
    "B018Y229OU"
  ],
  "94010": [
    "BREZEg",
    "B018Y229OU"
  ],
  "83710": [
    "Rblind",
    "B018Y229OU"
  ],
  "63110": [
    "Jessica",
    "B018Y229OU"
  ],
  "52810": [
    "Charles",
    "B018Y229OU"
  ],
  "42510": [
    "Keri",
    "B018Y229OU"
  ],
  "39613": [
    "Royalty",
    "B018Y229OU"
  ],
  "19013": [
    "besttablet",
    "B018Y229OU"
  ],
  "47016": [
    "maintenance",
    "B018Y229OU"
  ],
  "64719": [
    "Margy",
    "B018Y229OU"
  ],
  "54419": [
    "sandy",
    "B018Y229OU"
  ],
  "10322": [
    "Awesome",
    "B018Y229OU"
  ],
  "69225": [
    "Amanda",
    "B018Y229OU"
  ],
  "7425": [
    "Smitty4687",
    "B018Y229OU"
  ],
  "45728": [
    "maxinthestars",
    "B018Y229OU"
  ],
  "14828": [
    "Wallyworld",
    "B018Y229OU"
  ],
  "84031": [
    "tracy",
    "B018Y229OU"
  ],
  "9034": [
    "SamsungGuru",
    "B018Y229OU"
  ],
  "88537": [
    "julez",
    "B018Y229OU"
  ],
  "78237": [
    "lalo68",
    "B018Y229OU"
  ],
  "67937": [
    "laurenita",
    "B018Y229OU"
  ],
  "57637": [
    "Lynn",
    "B018Y229OU"
  ],
  "47337": [
    "BeatMining",
    "B018Y229OU"
  ],
  "34140": [
    "sebrof",
    "B018Y229OU"
  ],
  "82743": [
    "Cmewagg",
    "B018Y229OU"
  ],
  "10643": [
    "Randall",
    "B018Y229OU"
  ],
  "90146": [
    "Backa",
    "B018Y229OU"
  ],
  "78558": [
    "Stargal",
    "B018Y229OU"
  ],
  "27058": [
    "sahil",
    "B018Y229OU"
  ],
  "93364": [
    "jfutbol",
    "B018Y229OU"
  ],
  "72764": [
    "Sharky",
    "B018Y229OU"
  ],
  "52164": [
    "Grammyof2",
    "B018Y229OU"
  ],
  "41864": [
    "RD95",
    "B018Y229OU"
  ],
  "28667": [
    "Pjmcd",
    "B018Y229OU"
  ],
  "5170": [
    "Juan",
    "B018Y229OU"
  ],
  "94973": [
    "firebuff",
    "B018Y229OU"
  ],
  "37679": [
    "Tsta",
    "B018Y229OU"
  ],
  "6779": [
    "hEaDWINdsl4",
    "B018Y229OU"
  ],
  "24482": [
    "Jammin",
    "B018Y229OU"
  ],
  "14182": [
    "Tewanna",
    "B018Y229OU"
  ],
  "11285": [
    "MadGamer",
    "B018Y229OU"
  ],
  "80488": [
    "Archie",
    "B018Y229OU"
  ],
  "77591": [
    "Damary",
    "B018Y229OU"
  ],
  "33494": [
    "RC2015",
    "B018Y229OU"
  ],
  "17400": [
    "Ecasill2",
    "B018Y229OU"
  ],
  "24803": [
    "Paolo",
    "B018Y229OU"
  ],
  "63106": [
    "norbisgirl",
    "B018Y229OU"
  ],
  "60209": [
    "mike",
    "B018Y229OU"
  ],
  "19009": [
    "ARSIM",
    "B018Y229OU"
  ],
  "36712": [
    "usual",
    "B018Y229OU"
  ],
  "16112": [
    "J1969R",
    "B018Y229OU"
  ],
  "75015": [
    "jessings",
    "B018Y229OU"
  ],
  "54415": [
    "389",
    "B018Y229OU"
  ],
  "61818": [
    "Didar",
    "B018Y229OU"
  ],
  "41218": [
    "Washer",
    "B018Y229OU"
  ],
  "20618": [
    "Bling4me",
    "B018Y229OU"
  ],
  "89821": [
    "Sherry",
    "B018Y229OU"
  ],
  "86924": [
    "Warlock5150",
    "B018Y229OU"
  ],
  "76624": [
    "BT00",
    "B018Y229OU"
  ],
  "14824": [
    "Clayton2go",
    "B018Y229OU"
  ],
  "1627": [
    "Thom",
    "B018Y229OU"
  ],
  "91430": [
    "Dhight01",
    "B018Y229OU"
  ],
  "78233": [
    "Mapletree",
    "B018Y229OU"
  ],
  "51839": [
    "West",
    "B018Y229OU"
  ],
  "339": [
    "Taytay1",
    "B018Y229OU"
  ],
  "18042": [
    "Amylynn",
    "B018Y229OU"
  ],
  "46045": [
    "famosamos5",
    "B018Y229OU"
  ],
  "15145": [
    "Deuce4",
    "B018Y229OU"
  ],
  "4845": [
    "Johnla",
    "B018Y229OU"
  ],
  "63748": [
    "miamia",
    "B018Y229OU"
  ],
  "22548": [
    "Prepaid",
    "B018Y229OU"
  ],
  "81451": [
    "Dh12",
    "B018Y229OU"
  ],
  "71151": [
    "tita69",
    "B018Y229OU"
  ],
  "99154": [
    "BILL",
    "B018Y229OU"
  ],
  "57954": [
    "Karen",
    "B018Y229OU"
  ],
  "27054": [
    "lisama",
    "B018Y229OU"
  ],
  "24157": [
    "Landa",
    "B018Y229OU"
  ],
  "31560": [
    "makmcalli",
    "B018Y229OU"
  ],
  "90463": [
    "Timm",
    "B018Y229OU"
  ],
  "94644": [
    "angel",
    "B018Y229OU"
  ],
  "1944": [
    "Dawn",
    "B018Y229OU"
  ],
  "91747": [
    "ayanbillie",
    "B018Y229OU"
  ],
  "55053": [
    "luis",
    "B018Y229OU"
  ],
  "44753": [
    "CREEPY",
    "B018Y229OU"
  ],
  "34453": [
    "Algenib333",
    "B018Y229OU"
  ],
  "83056": [
    "will",
    "B018Y229OU"
  ],
  "62456": [
    "Suzynandy13",
    "B018Y229OU"
  ],
  "80159": [
    "BigAl",
    "B018Y229OU"
  ],
  "8059": [
    "Jesse",
    "B018Y229OU"
  ],
  "15462": [
    "32singer",
    "B018Y229OU"
  ],
  "71468": [
    "tucholucius",
    "B018Y229OU"
  ],
  "9668": [
    "harvey",
    "B018Y229OU"
  ],
  "89171": [
    "TDMM",
    "B018Y229OU"
  ],
  "58271": [
    "Kimmie",
    "B018Y229OU"
  ],
  "27371": [
    "1111",
    "B018Y229OU"
  ],
  "6771": [
    "LIZZIE64",
    "B018Y229OU"
  ],
  "14174": [
    "Pat55428",
    "B018Y229OU"
  ],
  "3874": [
    "lookatmenow",
    "B018Y229OU"
  ],
  "93677": [
    "rose",
    "B018Y229OU"
  ],
  "52477": [
    "Tricia",
    "B018Y229OU"
  ],
  "21577": [
    "Kaley",
    "B018Y229OU"
  ],
  "8380": [
    "dvazquez",
    "B018Y229OU"
  ],
  "67283": [
    "Shahid",
    "B018Y229OU"
  ],
  "36383": [
    "Cieneguita",
    "B018Y229OU"
  ],
  "43786": [
    "Kindle",
    "B018Y229OU"
  ],
  "30589": [
    "Rigo",
    "B018Y229OU"
  ],
  "68892": [
    "Dizzy",
    "B018Y229OU"
  ],
  "48292": [
    "vika",
    "B018Y229OU"
  ],
  "37992": [
    "Reyes510",
    "B018Y229OU"
  ],
  "86595": [
    "mouse",
    "B018Y229OU"
  ],
  "76295": [
    "Scorpio1",
    "B018Y229OU"
  ],
  "24795": [
    "Marshall",
    "B018Y229OU"
  ],
  "14495": [
    "dodore",
    "B018Y229OU"
  ],
  "63098": [
    "Iceman16",
    "B018Y229OU"
  ],
  "29301": [
    "Jziggy",
    "B018Y229OU"
  ],
  "88204": [
    "Gambit5775",
    "B018Y229OU"
  ],
  "64707": [
    "Chasstone",
    "B018Y229OU"
  ],
  "61810": [
    "razman",
    "B018Y229OU"
  ],
  "28013": [
    "Ojo20109",
    "B018Y229OU"
  ],
  "4516": [
    "Melissa",
    "B018Y229OU"
  ],
  "57946": [
    "Chell",
    "B018Y229OU"
  ],
  "75649": [
    "alfreda",
    "B018Y229OU"
  ],
  "44749": [
    "twistan",
    "B018Y229OU"
  ],
  "3549": [
    "hjckicks",
    "B018Y229OU"
  ],
  "31552": [
    "Awkaboole",
    "B018Y229OU"
  ],
  "90455": [
    "CfromtheD",
    "B018Y229OU"
  ],
  "80155": [
    "CRMII",
    "B018Y229OU"
  ],
  "84661": [
    "KingDad",
    "B018Y229OU"
  ],
  "53761": [
    "Reviewer28",
    "B018Y229OU"
  ],
  "61164": [
    "Brand",
    "B018Y229OU"
  ],
  "40564": [
    "bobbieg",
    "B018Y229OU"
  ],
  "19964": [
    "tcbjamie",
    "B018Y229OU"
  ],
  "6767": [
    "Sporks1981",
    "B018Y229OU"
  ],
  "96570": [
    "KateSpade",
    "B018Y229OU"
  ],
  "24470": [
    "atlbaby",
    "B018Y229OU"
  ],
  "52473": [
    "danysgrandma",
    "B018Y229OU"
  ],
  "59876": [
    "Linda",
    "B018Y229OU"
  ],
  "28976": [
    "Tray",
    "B018Y229OU"
  ],
  "98179": [
    "Chili",
    "B018Y229OU"
  ],
  "87879": [
    "Blh8426",
    "B018Y229OU"
  ],
  "5479": [
    "Golyd1975",
    "B018Y229OU"
  ],
  "74682": [
    "Davidflores",
    "B018Y229OU"
  ],
  "64382": [
    "Toys",
    "B018Y229OU"
  ],
  "92385": [
    "Jimmy",
    "B018Y229OU"
  ],
  "82085": [
    "Tmack",
    "B018Y229OU"
  ],
  "61485": [
    "Cowgirl",
    "B018Y229OU"
  ],
  "51185": [
    "4188mb329",
    "B018Y229OU"
  ],
  "30585": [
    "George",
    "B018Y229OU"
  ],
  "65991": [
    "Marianne",
    "B018Y229OU"
  ],
  "45391": [
    "bbw0873",
    "B018Y229OU"
  ],
  "4191": [
    "lovethistablet",
    "B018Y229OU"
  ],
  "63094": [
    "Nancy",
    "B018Y229OU"
  ],
  "60197": [
    "Allen",
    "B018Y229OU"
  ],
  "88200": [
    "wagonburner60",
    "B018Y229OU"
  ],
  "67600": [
    "WilliamMark",
    "B018Y229OU"
  ],
  "23503": [
    "Denise",
    "B018Y229OU"
  ],
  "4512": [
    "Mbarnes",
    "B018Y229OU"
  ],
  "82727": [
    "Phoenix",
    "B018Y229OU"
  ],
  "327": [
    "ritter6281",
    "B018Y229OU"
  ],
  "99463": [
    "Jeremy",
    "B018Y229OU"
  ],
  "89163": [
    "Kodiak",
    "B018Y229OU"
  ],
  "58263": [
    "Loki1975",
    "B018Y229OU"
  ],
  "17063": [
    "TTSwann",
    "B018Y229OU"
  ],
  "6763": [
    "KK512",
    "B018Y229OU"
  ],
  "24466": [
    "Jojo",
    "B018Y229OU"
  ],
  "3866": [
    "D322i",
    "B018Y229OU"
  ],
  "90772": [
    "Lele70802",
    "B018Y229OU"
  ],
  "39272": [
    "Edward",
    "B018Y229OU"
  ],
  "8372": [
    "Scout",
    "B018Y229OU"
  ],
  "56975": [
    "Twiggy1959",
    "B018Y229OU"
  ],
  "61481": [
    "Sushil",
    "B018Y229OU"
  ],
  "20281": [
    "Abby",
    "B018Y229OU"
  ],
  "99784": [
    "Hazel",
    "B018Y229OU"
  ],
  "24787": [
    "Vinod",
    "B018Y229OU"
  ],
  "36696": [
    "Dustin",
    "B018Y229OU"
  ],
  "16096": [
    "Cnote",
    "B018Y229OU"
  ],
  "5796": [
    "Nycblue",
    "B018Y229OU"
  ],
  "54399": [
    "Scooter",
    "B018Y229OU"
  ],
  "44099": [
    "Lhuka",
    "B018Y229OU"
  ],
  "72102": [
    "Mama",
    "B018Y229OU"
  ],
  "61802": [
    "molly",
    "B018Y229OU"
  ],
  "51502": [
    "Malany",
    "B018Y229OU"
  ],
  "41202": [
    "Leah",
    "B018Y229OU"
  ],
  "10302": [
    "Jimbob",
    "B018Y229OU"
  ],
  "63411": [
    "Chris",
    "B018Y229OU"
  ],
  "53111": [
    "VEBS",
    "B018Y229OU"
  ],
  "91414": [
    "Jc60",
    "B018Y229OU"
  ],
  "70814": [
    "amigo",
    "B018Y229OU"
  ],
  "60514": [
    "Prius",
    "B018Y229OU"
  ],
  "39914": [
    "JMAT",
    "B018Y229OU"
  ],
  "16417": [
    "rosita",
    "B018Y229OU"
  ],
  "6117": [
    "Bgamer",
    "B018Y229OU"
  ],
  "59226": [
    "kisha",
    "B018Y229OU"
  ],
  "7726": [
    "Babybu",
    "B018Y229OU"
  ],
  "97529": [
    "Bobb",
    "B018Y229OU"
  ],
  "87229": [
    "ratp2016",
    "B018Y229OU"
  ],
  "56329": [
    "Sacst20",
    "B018Y229OU"
  ],
  "53432": [
    "Benny",
    "B018Y229OU"
  ],
  "12232": [
    "Blue2u23",
    "B018Y229OU"
  ],
  "88838": [
    "jasousa1985",
    "B018Y229OU"
  ],
  "57938": [
    "Compgeek",
    "B018Y229OU"
  ],
  "37338": [
    "Collector",
    "B018Y229OU"
  ],
  "27038": [
    "Kedzone",
    "B018Y229OU"
  ],
  "6438": [
    "TWINTONA",
    "B018Y229OU"
  ],
  "75641": [
    "Neeneenoi",
    "B018Y229OU"
  ],
  "44741": [
    "Gerard",
    "B018Y229OU"
  ],
  "24141": [
    "Gamer",
    "B018Y229OU"
  ],
  "13841": [
    "Sunshine384",
    "B018Y229OU"
  ],
  "90447": [
    "HFCU",
    "B018Y229OU"
  ],
  "59547": [
    "Roxxitas",
    "B018Y229OU"
  ],
  "8047": [
    "Greeneyes",
    "B018Y229OU"
  ],
  "56650": [
    "Anas",
    "B018Y229OU"
  ],
  "53753": [
    "Graybeard",
    "B018Y229OU"
  ],
  "33153": [
    "Veee",
    "B018Y229OU"
  ],
  "71456": [
    "kelley25",
    "B018Y229OU"
  ],
  "61156": [
    "Bailey91932",
    "B018Y229OU"
  ],
  "40556": [
    "Ilikebestbuy",
    "B018Y229OU"
  ],
  "19956": [
    "techie",
    "B018Y229OU"
  ],
  "99459": [
    "JJDH",
    "B018Y229OU"
  ],
  "47959": [
    "Bestbuydesigner11",
    "B018Y229OU"
  ],
  "27359": [
    "Oldrolo99",
    "B018Y229OU"
  ],
  "86262": [
    "kate",
    "B018Y229OU"
  ],
  "65662": [
    "sencillo12",
    "B018Y229OU"
  ],
  "24462": [
    "OjosdeSappo",
    "B018Y229OU"
  ],
  "3862": [
    "Tvwatcher",
    "B018Y229OU"
  ],
  "83365": [
    "Acehardin",
    "B018Y229OU"
  ],
  "80468": [
    "Jiffy",
    "B018Y229OU"
  ],
  "49568": [
    "DWatl",
    "B018Y229OU"
  ],
  "18668": [
    "Randough",
    "B018Y229OU"
  ],
  "56971": [
    "srikanth",
    "B018Y229OU"
  ],
  "46671": [
    "Outbackred",
    "B018Y229OU"
  ],
  "36371": [
    "ManC",
    "B018Y229OU"
  ],
  "5471": [
    "Grammy",
    "B018Y229OU"
  ],
  "82077": [
    "Ironmike81",
    "B018Y229OU"
  ],
  "99780": [
    "Heather",
    "B018Y229OU"
  ],
  "17380": [
    "CINDY",
    "B018Y229OU"
  ],
  "65983": [
    "Cori",
    "B018Y229OU"
  ],
  "45383": [
    "JDTECH",
    "B018Y229OU"
  ],
  "93986": [
    "Gianna",
    "B018Y229OU"
  ],
  "83686": [
    "Axg16",
    "B018Y229OU"
  ],
  "21886": [
    "Kicraig",
    "B018Y229OU"
  ],
  "11586": [
    "shopmom84",
    "B018Y229OU"
  ],
  "70489": [
    "Jessie124",
    "B018Y229OU"
  ],
  "49889": [
    "beto",
    "B018Y229OU"
  ],
  "29289": [
    "Traxx1",
    "B018Y229OU"
  ],
  "88192": [
    "Chulo",
    "B018Y229OU"
  ],
  "77892": [
    "Stargazer8",
    "B018Y229OU"
  ],
  "36692": [
    "Boostingsti1120",
    "B018Y229OU"
  ],
  "95595": [
    "AsianGuy",
    "B018Y229OU"
  ],
  "2895": [
    "mrakm68",
    "B018Y229OU"
  ],
  "92698": [
    "Pattyrtz",
    "B018Y229OU"
  ],
  "100101": [
    "marc",
    "B018Y229OU"
  ],
  "79501": [
    "Theojack42",
    "B018Y229OU"
  ],
  "38301": [
    "Powerman",
    "B018Y229OU"
  ],
  "66304": [
    "Jerseytreez1",
    "B018Y229OU"
  ],
  "4504": [
    "oukiman",
    "B018Y229OU"
  ],
  "84007": [
    "mrq48",
    "B018Y229OU"
  ],
  "63407": [
    "Bryan",
    "B018Y229OU"
  ],
  "22207": [
    "Reba",
    "B018Y229OU"
  ],
  "11907": [
    "Darlene",
    "B018Y229OU"
  ],
  "1607": [
    "smartin3380",
    "B018Y229OU"
  ],
  "29610": [
    "YaYa2",
    "B018Y229OU"
  ],
  "98813": [
    "sjjb",
    "B018Y229OU"
  ],
  "78213": [
    "Shark",
    "B018Y229OU"
  ],
  "57613": [
    "Chief",
    "B018Y229OU"
  ],
  "47313": [
    "0golf0fun",
    "B018Y229OU"
  ],
  "37013": [
    "Nisey",
    "B018Y229OU"
  ],
  "95916": [
    "Rokubuyer",
    "B018Y229OU"
  ],
  "23816": [
    "Ryeguy74",
    "B018Y229OU"
  ],
  "3216": [
    "Nichols1",
    "B018Y229OU"
  ],
  "82719": [
    "jogr",
    "B018Y229OU"
  ],
  "41519": [
    "Emalini",
    "B018Y229OU"
  ],
  "20919": [
    "Griff",
    "B018Y229OU"
  ],
  "90122": [
    "TheCritic",
    "B018Y229OU"
  ],
  "48922": [
    "Jonda",
    "B018Y229OU"
  ],
  "97525": [
    "Gaby",
    "B018Y229OU"
  ],
  "56325": [
    "Allie",
    "B018Y229OU"
  ],
  "94628": [
    "taz172",
    "B018Y229OU"
  ],
  "32828": [
    "Love",
    "B018Y229OU"
  ],
  "22528": [
    "sexxymama04",
    "B018Y229OU"
  ],
  "40231": [
    "Cecil",
    "B018Y229OU"
  ],
  "19631": [
    "Riverside951",
    "B018Y229OU"
  ],
  "57934": [
    "Scarlett",
    "B018Y229OU"
  ],
  "16734": [
    "itchyfinga",
    "B018Y229OU"
  ],
  "85937": [
    "BigRed",
    "B018Y229OU"
  ],
  "65337": [
    "Abhi2016",
    "B018Y229OU"
  ],
  "72740": [
    "fashionEQ",
    "B018Y229OU"
  ],
  "52140": [
    "Caren",
    "B018Y229OU"
  ],
  "31540": [
    "Niceguy1",
    "B018Y229OU"
  ],
  "21240": [
    "Melissa1223",
    "B018Y229OU"
  ],
  "69843": [
    "Dmireles1018",
    "B018Y229OU"
  ],
  "36046": [
    "sherry",
    "B018Y229OU"
  ],
  "53749": [
    "Onaleona",
    "B018Y229OU"
  ],
  "81752": [
    "Dee525",
    "B018Y229OU"
  ],
  "40552": [
    "scoutmaster",
    "B018Y229OU"
  ],
  "78855": [
    "Balagon",
    "B018Y229OU"
  ],
  "37655": [
    "Ae49er",
    "B018Y229OU"
  ],
  "65658": [
    "Karrie",
    "B018Y229OU"
  ],
  "55358": [
    "Julie",
    "B018Y229OU"
  ],
  "45058": [
    "Angieboo1",
    "B018Y229OU"
  ],
  "34758": [
    "Redbirdz97",
    "B018Y229OU"
  ],
  "3858": [
    "Donna",
    "B018Y229OU"
  ],
  "73061": [
    "Maleboa",
    "B018Y229OU"
  ],
  "961": [
    "kirenna",
    "B018Y229OU"
  ],
  "80464": [
    "LILY",
    "B018Y229OU"
  ],
  "77567": [
    "Princesa1005",
    "B018Y229OU"
  ],
  "5467": [
    "HPHAPPY",
    "B018Y229OU"
  ],
  "95270": [
    "David",
    "B018Y229OU"
  ],
  "64370": [
    "Troubleaa",
    "B018Y229OU"
  ],
  "54070": [
    "Muffaletta101",
    "B018Y229OU"
  ],
  "20273": [
    "Stonecold1966",
    "B018Y229OU"
  ],
  "79176": [
    "Lexis",
    "B018Y229OU"
  ],
  "68876": [
    "Mcclailo",
    "B018Y229OU"
  ],
  "96879": [
    "Megs",
    "B018Y229OU"
  ],
  "86579": [
    "Diva2uBoo",
    "B018Y229OU"
  ],
  "45379": [
    "Angie",
    "B018Y229OU"
  ],
  "93982": [
    "Josh",
    "B018Y229OU"
  ],
  "83682": [
    "KenC",
    "B018Y229OU"
  ],
  "11582": [
    "Ramasamsung",
    "B018Y229OU"
  ],
  "1282": [
    "Pete",
    "B018Y229OU"
  ],
  "91085": [
    "1206",
    "B018Y229OU"
  ],
  "80785": [
    "Bonnie",
    "B018Y229OU"
  ],
  "49885": [
    "Hisqueen",
    "B018Y229OU"
  ],
  "29285": [
    "Alexaka10",
    "B018Y229OU"
  ],
  "88188": [
    "Sha76",
    "B018Y229OU"
  ],
  "67588": [
    "MattBrandon",
    "B018Y229OU"
  ],
  "46988": [
    "Marvgoof",
    "B018Y229OU"
  ],
  "26388": [
    "Arod4761",
    "B018Y229OU"
  ],
  "16088": [
    "mpriv",
    "B018Y229OU"
  ],
  "95591": [
    "RileyS",
    "B018Y229OU"
  ],
  "85291": [
    "Btab",
    "B018Y229OU"
  ],
  "74991": [
    "timp900",
    "B018Y229OU"
  ],
  "23491": [
    "Subnirvake",
    "B018Y229OU"
  ],
  "2891": [
    "Sine46",
    "B018Y229OU"
  ],
  "72094": [
    "Tejadara",
    "B018Y229OU"
  ],
  "41194": [
    "rosegring67",
    "B018Y229OU"
  ],
  "10294": [
    "yvboo2498",
    "B018Y229OU"
  ],
  "100097": [
    "Murdock",
    "B018Y229OU"
  ],
  "58897": [
    "Rissa",
    "B018Y229OU"
  ],
  "48597": [
    "csowen",
    "B018Y229OU"
  ],
  "7397": [
    "Rockie945",
    "B018Y229OU"
  ],
  "97200": [
    "Igotmixes",
    "B018Y229OU"
  ],
  "60506": [
    "nolaslimm",
    "B018Y229OU"
  ],
  "29606": [
    "Susanne",
    "B018Y229OU"
  ],
  "9006": [
    "Shaka",
    "B018Y229OU"
  ],
  "88509": [
    "Marylulu",
    "B018Y229OU"
  ],
  "16409": [
    "bigvic",
    "B018Y229OU"
  ],
  "82715": [
    "Stockton209",
    "B018Y229OU"
  ],
  "72415": [
    "Thistle",
    "B018Y229OU"
  ],
  "20915": [
    "Drdrea05",
    "B018Y229OU"
  ],
  "90118": [
    "kimmy",
    "B018Y229OU"
  ],
  "69518": [
    "Phild",
    "B018Y229OU"
  ],
  "48918": [
    "james",
    "B018Y229OU"
  ],
  "28318": [
    "Rick07",
    "B018Y229OU"
  ],
  "87221": [
    "illwyll",
    "B018Y229OU"
  ],
  "76921": [
    "musiclover",
    "B018Y229OU"
  ],
  "25421": [
    "BKSDynax",
    "B018Y229OU"
  ],
  "84324": [
    "JMarti49",
    "B018Y229OU"
  ],
  "12224": [
    "ccdriver1099",
    "B018Y229OU"
  ],
  "50527": [
    "freshy",
    "B018Y229OU"
  ],
  "19627": [
    "shrink104",
    "B018Y229OU"
  ],
  "27030": [
    "DCBBreviewer",
    "B018Y229OU"
  ],
  "16730": [
    "erum",
    "B018Y229OU"
  ],
  "6430": [
    "Eddy",
    "B018Y229OU"
  ],
  "55033": [
    "Baybay",
    "B018Y229OU"
  ],
  "34433": [
    "Nickster19",
    "B018Y229OU"
  ],
  "13833": [
    "Chinagirl",
    "B018Y229OU"
  ],
  "83036": [
    "ashi",
    "B018Y229OU"
  ],
  "10936": [
    "MsKanda",
    "B018Y229OU"
  ],
  "69839": [
    "countrycub",
    "B018Y229OU"
  ],
  "59539": [
    "Jointheir",
    "B018Y229OU"
  ],
  "97842": [
    "mbarker",
    "B018Y229OU"
  ],
  "46342": [
    "Sepiagoddess",
    "B018Y229OU"
  ],
  "15442": [
    "Jewel",
    "B018Y229OU"
  ],
  "5142": [
    "Weaver",
    "B018Y229OU"
  ],
  "94945": [
    "DeeLove37",
    "B018Y229OU"
  ],
  "84645": [
    "Bland2008",
    "B018Y229OU"
  ],
  "33145": [
    "cavmember",
    "B018Y229OU"
  ],
  "50848": [
    "Penda",
    "B018Y229OU"
  ],
  "19948": [
    "Vann",
    "B018Y229OU"
  ],
  "9648": [
    "Lola",
    "B018Y229OU"
  ],
  "58251": [
    "BMoe",
    "B018Y229OU"
  ],
  "47951": [
    "Samuel",
    "B018Y229OU"
  ],
  "17051": [
    "Anil",
    "B018Y229OU"
  ],
  "75954": [
    "Juanita",
    "B018Y229OU"
  ],
  "45054": [
    "tamnal",
    "B018Y229OU"
  ],
  "14154": [
    "Scarter81",
    "B018Y229OU"
  ],
  "42157": [
    "waldo",
    "B018Y229OU"
  ],
  "90760": [
    "grandchessmaster",
    "B018Y229OU"
  ],
  "80460": [
    "Govind",
    "B018Y229OU"
  ],
  "87863": [
    "GrandmaFromNC",
    "B018Y229OU"
  ]
}