{
  "89187": [
    "EmmaK",
    "B018Y229OU"
  ],
  "42193": [
    "2014",
    "B018Y229OU"
  ],
  "51205": [
    "Vamsi",
    "B018Y229OU"
  ],
  "63114": [
    "Christy",
    "B018Y229OU"
  ],
  "12256": [
    "rene",
    "B018Y229OU"
  ],
  "37362": [
    "craig",
    "B018Y229OU"
  ],
  "66974": [
    "dmac73",
    "B018Y229OU"
  ],
  "94977": [
    "Roogie",
    "B018Y229OU"
  ],
  "2277": [
    "Shay",
    "B018Y229OU"
  ],
  "45086": [
    "Sariki70",
    "B018Y229OU"
  ],
  "39292": [
    "Shae55",
    "B018Y229OU"
  ],
  "39934": [
    "Sand",
    "B018Y229OU"
  ],
  "5812": [
    "Readinglover",
    "B018Y229OU"
  ],
  "11927": [
    "Punisher630",
    "B018Y229OU"
  ],
  "81130": [
    "BreAnnya",
    "B018Y229OU"
  ],
  "37033": [
    "redhead50",
    "B018Y229OU"
  ],
  "56345": [
    "Scgeek",
    "B018Y229OU"
  ],
  "19651": [
    "ndck",
    "B018Y229OU"
  ],
  "30272": [
    "Debbie",
    "B018Y229OU"
  ],
  "87887": [
    "Aaguzma",
    "B018Y229OU"
  ],
  "70505": [
    "KeeKee",
    "B018Y229OU"
  ],
  "29947": [
    "AmazonFire",
    "B018Y229OU"
  ],
  "88850": [
    "hotjava",
    "B018Y229OU"
  ],
  "93998": [
    "donna",
    "B018Y229OU"
  ],
  "82410": [
    "Katrina",
    "B018Y229OU"
  ],
  "56016": [
    "Tmanexx",
    "B018Y229OU"
  ],
  "17388": [
    "AmberD",
    "B018Y229OU"
  ],
  "75645": [
    "LotsObubbles",
    "B018Y229OU"
  ],
  "21248": [
    "Troyu007",
    "B018Y229OU"
  ],
  "58905": [
    "AAM1",
    "B018Y229OU"
  ],
  "98171": [
    "Haaq",
    "B018Y229OU"
  ],
  "84328": [
    "skip",
    "B018Y229OU"
  ],
  "58576": [
    "BigRobert",
    "B018Y229OU"
  ],
  "40227": [
    "TheGuyFromSeattle",
    "B018Y229OU"
  ],
  "49239": [
    "dotuser",
    "B018Y229OU"
  ],
  "61148": [
    "smithmr",
    "B018Y229OU"
  ]
}