{
  "B00QFQRELG": "Amazon 9W PowerFast Official OEM USB Charger and Power Adapter for Fire Tablets and Kindle eReaders",
  "B01BH83OOM": "Amazon Tap Smart Assistant Alexa enabled (black) Brand New",
  "B00ZV9PXP2": "All-New Kindle E-reader - Black, 6\" Glare-Free Touchscreen Display, Wi-Fi - Includes Special Offers",
  "B0751RGYJV": "Amazon Echo (2nd Generation) Smart Assistant Oak Finish Priority Shipping",
  "B00IOY8XWQ": "Kindle Voyage E-reader, 6 High-Resolution Display (300 ppi) with Adaptive Built-in Light, PagePress Sensors, Wi-Fi - Includes Special Offers",
  "B0752151W6": "All-new Echo (2nd Generation) with improved sound, powered by Dolby, and a new design Walnut Finish",
  "B018Y226XO": "Fire Kids Edition Tablet, 7 Display, Wi-Fi, 16 GB, Pink Kid-Proof Case",
  "B01ACEKAJY": "All-New Fire HD 8 Tablet, 8 HD Display, Wi-Fi, 32 GB - Includes Special Offers, Black",
  "B01AHB9CYG": "All-New Fire HD 8 Tablet, 8 HD Display, Wi-Fi, 32 GB - Includes Special Offers, Magenta",
  "B01AHB9CN2": "All-New Fire HD 8 Tablet, 8 HD Display, Wi-Fi, 16 GB - Includes Special Offers, Magenta",
  "B00VINDBJK": "Kindle Oasis E-reader with Leather Charging Cover - Merlot, 6 High-Resolution Display (300 ppi), Wi-Fi - Includes Special Offers",
  "B01AHB9C1E": "Fire HD 8 Tablet with Alexa, 8 HD Display, 32 GB, Tangerine - with Special Offers",
  "B018Y229OU": "Fire Tablet, 7 Display, Wi-Fi, 8 GB - Includes Special Offers, Magenta"
}
