{
  "62151": [
    "Tndeb",
    "B018Y229OU"
  ],
  "20951": [
    "Ajames",
    "B018Y229OU"
  ],
  "10651": [
    "seirfmike",
    "B018Y229OU"
  ],
  "351": [
    "Keaton213",
    "B018Y229OU"
  ],
  "79854": [
    "CoolGranny51",
    "B018Y229OU"
  ],
  "69554": [
    "Ruben",
    "B018Y229OU"
  ],
  "38654": [
    "Meechie",
    "B018Y229OU"
  ],
  "97557": [
    "pharmguy",
    "B018Y229OU"
  ],
  "46057": [
    "cnnterr",
    "B018Y229OU"
  ],
  "15157": [
    "Feed",
    "B018Y229OU"
  ],
  "84360": [
    "Lori",
    "B018Y229OU"
  ],
  "74060": [
    "Yvette",
    "B018Y229OU"
  ],
  "63760": [
    "Tsehaye",
    "B018Y229OU"
  ],
  "22560": [
    "brittanys",
    "B018Y229OU"
  ],
  "91763": [
    "topcat",
    "B018Y229OU"
  ],
  "60863": [
    "Neici5",
    "B018Y229OU"
  ],
  "57966": [
    "friendship",
    "B018Y229OU"
  ],
  "85969": [
    "Beninkc",
    "B018Y229OU"
  ],
  "65369": [
    "peanut",
    "B018Y229OU"
  ],
  "13869": [
    "kevint",
    "B018Y229OU"
  ],
  "83072": [
    "lonewolf",
    "B018Y229OU"
  ],
  "72772": [
    "VamsiKrishna",
    "B018Y229OU"
  ],
  "52172": [
    "RLB67",
    "B018Y229OU"
  ],
  "41872": [
    "easyg",
    "B018Y229OU"
  ],
  "87578": [
    "tablet",
    "B018Y229OU"
  ],
  "66978": [
    "Papap",
    "B018Y229OU"
  ],
  "36078": [
    "NG01",
    "B018Y229OU"
  ],
  "5178": [
    "Chic",
    "B018Y229OU"
  ],
  "74381": [
    "Juggalo23451",
    "B018Y229OU"
  ],
  "64081": [
    "Rhonda",
    "B018Y229OU"
  ],
  "53781": [
    "Jude",
    "B018Y229OU"
  ],
  "43481": [
    "Dabest",
    "B018Y229OU"
  ],
  "71484": [
    "MRMVS",
    "B018Y229OU"
  ],
  "19984": [
    "BestBuyNickname",
    "B018Y229OU"
  ],
  "9684": [
    "paparaven",
    "B018Y229OU"
  ],
  "89187": [
    "EmmaK",
    "B018Y229OU"
  ],
  "58287": [
    "mine",
    "B018Y229OU"
  ],
  "17087": [
    "hijadeDios",
    "B018Y229OU"
  ],
  "96590": [
    "Eliseo123",
    "B018Y229OU"
  ],
  "86290": [
    "Mendez",
    "B018Y229OU"
  ],
  "45090": [
    "slaw1962",
    "B018Y229OU"
  ],
  "24490": [
    "Kitty",
    "B018Y229OU"
  ],
  "93693": [
    "Patty",
    "B018Y229OU"
  ],
  "83393": [
    "stash4964",
    "B018Y229OU"
  ],
  "62793": [
    "Akhil",
    "B018Y229OU"
  ],
  "52493": [
    "MrRobert",
    "B018Y229OU"
  ],
  "42193": [
    "2014",
    "B018Y229OU"
  ],
  "31893": [
    "angel11742",
    "B018Y229OU"
  ],
  "49596": [
    "Alejandro",
    "B018Y229OU"
  ],
  "18696": [
    "gwen",
    "B018Y229OU"
  ],
  "87899": [
    "Chandlergod",
    "B018Y229OU"
  ],
  "67299": [
    "Salish66",
    "B018Y229OU"
  ],
  "15799": [
    "Ace352",
    "B018Y229OU"
  ],
  "5499": [
    "sbcamera",
    "B018Y229OU"
  ],
  "95302": [
    "kmart",
    "B018Y229OU"
  ],
  "85002": [
    "ricky",
    "B018Y229OU"
  ],
  "23202": [
    "Ketta",
    "B018Y229OU"
  ],
  "2602": [
    "Red0328",
    "B018Y229OU"
  ],
  "51205": [
    "Vamsi",
    "B018Y229OU"
  ],
  "99808": [
    "01taisha",
    "B018Y229OU"
  ],
  "89508": [
    "missy",
    "B018Y229OU"
  ],
  "76311": [
    "NJSurfs",
    "B018Y229OU"
  ],
  "4211": [
    "Mybabyboys",
    "B018Y229OU"
  ],
  "94014": [
    "Shawn",
    "B018Y229OU"
  ],
  "83714": [
    "honey",
    "B018Y229OU"
  ],
  "73414": [
    "DCinMD",
    "B018Y229OU"
  ],
  "63114": [
    "Christy",
    "B018Y229OU"
  ],
  "32214": [
    "Justeye",
    "B018Y229OU"
  ],
  "21914": [
    "spawnevil",
    "B018Y229OU"
  ],
  "11614": [
    "chef",
    "B018Y229OU"
  ],
  "91117": [
    "queque",
    "B018Y229OU"
  ],
  "19017": [
    "Steph",
    "B018Y229OU"
  ],
  "98520": [
    "Christian",
    "B018Y229OU"
  ],
  "57320": [
    "Kath",
    "B018Y229OU"
  ],
  "5820": [
    "Doug",
    "B018Y229OU"
  ],
  "95623": [
    "copierman66",
    "B018Y229OU"
  ],
  "85323": [
    "Nagoyab",
    "B018Y229OU"
  ],
  "75023": [
    "LadyQ",
    "B018Y229OU"
  ],
  "54423": [
    "Santi",
    "B018Y229OU"
  ],
  "92726": [
    "Chaju",
    "B018Y229OU"
  ],
  "72126": [
    "musicman53",
    "B018Y229OU"
  ],
  "61826": [
    "Gardenlady3",
    "B018Y229OU"
  ],
  "51526": [
    "RCZon",
    "B018Y229OU"
  ],
  "30926": [
    "Rochelle",
    "B018Y229OU"
  ],
  "10326": [
    "TheFamily",
    "B018Y229OU"
  ],
  "89829": [
    "Ram1athon",
    "B018Y229OU"
  ],
  "69229": [
    "BigErica4",
    "B018Y229OU"
  ],
  "58929": [
    "Weezie07",
    "B018Y229OU"
  ],
  "38329": [
    "Dutch",
    "B018Y229OU"
  ],
  "56032": [
    "jenden",
    "B018Y229OU"
  ],
  "25132": [
    "br00klyn0716",
    "B018Y229OU"
  ],
  "1635": [
    "Tyler",
    "B018Y229OU"
  ],
  "19338": [
    "JenniferW",
    "B018Y229OU"
  ],
  "47341": [
    "rcalderon86",
    "B018Y229OU"
  ],
  "75344": [
    "dim5um",
    "B018Y229OU"
  ],
  "54744": [
    "Momma777",
    "B018Y229OU"
  ],
  "44444": [
    "Raxs51",
    "B018Y229OU"
  ],
  "82747": [
    "Weasel",
    "B018Y229OU"
  ],
  "62147": [
    "Smith45556",
    "B018Y229OU"
  ],
  "41547": [
    "Mush",
    "B018Y229OU"
  ],
  "31247": [
    "Pieman18",
    "B018Y229OU"
  ],
  "56353": [
    "waasaa",
    "B018Y229OU"
  ],
  "94656": [
    "db64",
    "B018Y229OU"
  ],
  "84356": [
    "Cassiemandm",
    "B018Y229OU"
  ],
  "74056": [
    "klaa",
    "B018Y229OU"
  ],
  "63756": [
    "AmazonFireUser",
    "B018Y229OU"
  ],
  "12256": [
    "rene",
    "B018Y229OU"
  ],
  "9359": [
    "Dale",
    "B018Y229OU"
  ],
  "88862": [
    "Yogurtslinger",
    "B018Y229OU"
  ],
  "78562": [
    "scrappy4317",
    "B018Y229OU"
  ],
  "37362": [
    "craig",
    "B018Y229OU"
  ],
  "27062": [
    "Dana",
    "B018Y229OU"
  ],
  "96265": [
    "richrude",
    "B018Y229OU"
  ],
  "85965": [
    "Happymom",
    "B018Y229OU"
  ],
  "75665": [
    "Kumar",
    "B018Y229OU"
  ],
  "55065": [
    "Zaben",
    "B018Y229OU"
  ],
  "34465": [
    "Lastdolla",
    "B018Y229OU"
  ],
  "24165": [
    "Timbo",
    "B018Y229OU"
  ],
  "3565": [
    "Steve",
    "B018Y229OU"
  ],
  "93368": [
    "Rdm11",
    "B018Y229OU"
  ],
  "83068": [
    "MissD",
    "B018Y229OU"
  ],
  "52168": [
    "spdstores",
    "B018Y229OU"
  ],
  "31568": [
    "Karlysmom",
    "B018Y229OU"
  ],
  "21268": [
    "Jonnie",
    "B018Y229OU"
  ],
  "10968": [
    "C3vet",
    "B018Y229OU"
  ],
  "668": [
    "lovely2014",
    "B018Y229OU"
  ],
  "80171": [
    "Matt",
    "B018Y229OU"
  ],
  "49271": [
    "Eliteshopper",
    "B018Y229OU"
  ],
  "38971": [
    "Tiberius",
    "B018Y229OU"
  ],
  "8071": [
    "drich03",
    "B018Y229OU"
  ],
  "87574": [
    "Steel",
    "B018Y229OU"
  ],
  "77274": [
    "Ladydi",
    "B018Y229OU"
  ],
  "66974": [
    "dmac73",
    "B018Y229OU"
  ],
  "46374": [
    "Someone",
    "B018Y229OU"
  ],
  "15474": [
    "gator1",
    "B018Y229OU"
  ],
  "94977": [
    "Roogie",
    "B018Y229OU"
  ],
  "2277": [
    "Shay",
    "B018Y229OU"
  ],
  "40580": [
    "Locomanso",
    "B018Y229OU"
  ],
  "9680": [
    "Elpajarolocko12345",
    "B018Y229OU"
  ],
  "99483": [
    "customer",
    "B018Y229OU"
  ],
  "17083": [
    "martor",
    "B018Y229OU"
  ],
  "86286": [
    "sonny",
    "B018Y229OU"
  ],
  "75986": [
    "Ebone",
    "B018Y229OU"
  ],
  "65686": [
    "wbane",
    "B018Y229OU"
  ],
  "45086": [
    "Sariki70",
    "B018Y229OU"
  ],
  "24486": [
    "bob2",
    "B018Y229OU"
  ],
  "14186": [
    "Mcampyon",
    "B018Y229OU"
  ],
  "3886": [
    "Granny3xs",
    "B018Y229OU"
  ],
  "93689": [
    "Robbie",
    "B018Y229OU"
  ],
  "83389": [
    "Raee",
    "B018Y229OU"
  ],
  "42189": [
    "dshaund82",
    "B018Y229OU"
  ],
  "59892": [
    "Nick316",
    "B018Y229OU"
  ],
  "39292": [
    "Shae55",
    "B018Y229OU"
  ],
  "8392": [
    "Faith77",
    "B018Y229OU"
  ],
  "98195": [
    "pattycake",
    "B018Y229OU"
  ],
  "67295": [
    "Rame",
    "B018Y229OU"
  ],
  "5495": [
    "DJ37922",
    "B018Y229OU"
  ],
  "12898": [
    "Jaype",
    "B018Y229OU"
  ],
  "92401": [
    "JWilliams",
    "B018Y229OU"
  ],
  "71801": [
    "cmccord9",
    "B018Y229OU"
  ],
  "51201": [
    "shay",
    "B018Y229OU"
  ],
  "30601": [
    "Robert",
    "B018Y229OU"
  ],
  "68904": [
    "Rebekah",
    "B018Y229OU"
  ],
  "38004": [
    "Barra2",
    "B018Y229OU"
  ],
  "27704": [
    "Onebadmutha",
    "B018Y229OU"
  ],
  "96907": [
    "Kika",
    "B018Y229OU"
  ],
  "86607": [
    "Chrissy",
    "B018Y229OU"
  ],
  "76307": [
    "larnold219",
    "B018Y229OU"
  ],
  "14507": [
    "GuyD",
    "B018Y229OU"
  ],
  "94010": [
    "BREZEg",
    "B018Y229OU"
  ],
  "83710": [
    "Rblind",
    "B018Y229OU"
  ],
  "63110": [
    "Jessica",
    "B018Y229OU"
  ],
  "52810": [
    "Charles",
    "B018Y229OU"
  ],
  "42510": [
    "Keri",
    "B018Y229OU"
  ],
  "91113": [
    "Sunder",
    "B018Y229OU"
  ],
  "39613": [
    "Royalty",
    "B018Y229OU"
  ],
  "19013": [
    "besttablet",
    "B018Y229OU"
  ],
  "88216": [
    "Cris",
    "B018Y229OU"
  ],
  "57316": [
    "daniel12488",
    "B018Y229OU"
  ],
  "47016": [
    "maintenance",
    "B018Y229OU"
  ],
  "64719": [
    "Margy",
    "B018Y229OU"
  ],
  "54419": [
    "sandy",
    "B018Y229OU"
  ],
  "41222": [
    "Mhitech",
    "B018Y229OU"
  ],
  "10322": [
    "Awesome",
    "B018Y229OU"
  ],
  "69225": [
    "Amanda",
    "B018Y229OU"
  ],
  "7425": [
    "Smitty4687",
    "B018Y229OU"
  ],
  "76628": [
    "chipolopo",
    "B018Y229OU"
  ],
  "45728": [
    "maxinthestars",
    "B018Y229OU"
  ],
  "35428": [
    "Boss",
    "B018Y229OU"
  ],
  "14828": [
    "Wallyworld",
    "B018Y229OU"
  ],
  "4528": [
    "RyDRunner",
    "B018Y229OU"
  ],
  "84031": [
    "tracy",
    "B018Y229OU"
  ],
  "53131": [
    "unchartedwaters",
    "B018Y229OU"
  ],
  "42831": [
    "Roberto002007",
    "B018Y229OU"
  ],
  "11931": [
    "Dick",
    "B018Y229OU"
  ],
  "91434": [
    "CarlosEA",
    "B018Y229OU"
  ],
  "70834": [
    "1grammyk",
    "B018Y229OU"
  ],
  "39934": [
    "Sand",
    "B018Y229OU"
  ],
  "9034": [
    "SamsungGuru",
    "B018Y229OU"
  ],
  "88537": [
    "julez",
    "B018Y229OU"
  ],
  "78237": [
    "lalo68",
    "B018Y229OU"
  ],
  "67937": [
    "laurenita",
    "B018Y229OU"
  ],
  "57637": [
    "Lynn",
    "B018Y229OU"
  ],
  "47337": [
    "BeatMining",
    "B018Y229OU"
  ],
  "44440": [
    "bestbuy",
    "B018Y229OU"
  ],
  "34140": [
    "sebrof",
    "B018Y229OU"
  ],
  "13540": [
    "Hawk27",
    "B018Y229OU"
  ],
  "82743": [
    "Cmewagg",
    "B018Y229OU"
  ],
  "41543": [
    "Jamo",
    "B018Y229OU"
  ],
  "10643": [
    "Randall",
    "B018Y229OU"
  ],
  "90146": [
    "Backa",
    "B018Y229OU"
  ],
  "59246": [
    "JamesP",
    "B018Y229OU"
  ],
  "38646": [
    "Fluffygal",
    "B018Y229OU"
  ],
  "28346": [
    "Cyberwolf391",
    "B018Y229OU"
  ],
  "46049": [
    "EricO",
    "B018Y229OU"
  ],
  "35749": [
    "Junior",
    "B018Y229OU"
  ],
  "43152": [
    "Hawgfan",
    "B018Y229OU"
  ],
  "81455": [
    "KellyGator74",
    "B018Y229OU"
  ],
  "71155": [
    "Emc2natural",
    "B018Y229OU"
  ],
  "60855": [
    "TerrieT",
    "B018Y229OU"
  ],
  "29955": [
    "Dani",
    "B018Y229OU"
  ],
  "19655": [
    "scooter",
    "B018Y229OU"
  ],
  "9355": [
    "Nikki",
    "B018Y229OU"
  ],
  "88858": [
    "julie",
    "B018Y229OU"
  ],
  "78558": [
    "Stargal",
    "B018Y229OU"
  ],
  "27058": [
    "sahil",
    "B018Y229OU"
  ],
  "55061": [
    "reyessal17",
    "B018Y229OU"
  ],
  "13861": [
    "Doll",
    "B018Y229OU"
  ],
  "93364": [
    "jfutbol",
    "B018Y229OU"
  ],
  "72764": [
    "Sharky",
    "B018Y229OU"
  ],
  "52164": [
    "Grammyof2",
    "B018Y229OU"
  ],
  "41864": [
    "RD95",
    "B018Y229OU"
  ],
  "28667": [
    "Pjmcd",
    "B018Y229OU"
  ],
  "18367": [
    "AC109",
    "B018Y229OU"
  ],
  "66970": [
    "Marky",
    "B018Y229OU"
  ],
  "25770": [
    "Macgivor",
    "B018Y229OU"
  ],
  "5170": [
    "Juan",
    "B018Y229OU"
  ],
  "94973": [
    "firebuff",
    "B018Y229OU"
  ],
  "43473": [
    "kris",
    "B018Y229OU"
  ],
  "71476": [
    "mooseymomofmany",
    "B018Y229OU"
  ],
  "99479": [
    "catfish",
    "B018Y229OU"
  ],
  "47979": [
    "Warrior58",
    "B018Y229OU"
  ],
  "37679": [
    "Tsta",
    "B018Y229OU"
  ],
  "17079": [
    "LekkerSussie",
    "B018Y229OU"
  ],
  "6779": [
    "hEaDWINdsl4",
    "B018Y229OU"
  ],
  "96582": [
    "Senthil",
    "B018Y229OU"
  ],
  "86282": [
    "Livelaughlove83",
    "B018Y229OU"
  ],
  "34782": [
    "Ross",
    "B018Y229OU"
  ],
  "24482": [
    "Jammin",
    "B018Y229OU"
  ],
  "14182": [
    "Tewanna",
    "B018Y229OU"
  ],
  "73085": [
    "Tigger",
    "B018Y229OU"
  ],
  "52485": [
    "Likrockdiesel",
    "B018Y229OU"
  ],
  "21585": [
    "LBG1",
    "B018Y229OU"
  ],
  "11285": [
    "MadGamer",
    "B018Y229OU"
  ],
  "80488": [
    "Archie",
    "B018Y229OU"
  ],
  "59888": [
    "jujubri",
    "B018Y229OU"
  ],
  "77591": [
    "Damary",
    "B018Y229OU"
  ],
  "54094": [
    "Alex",
    "B018Y229OU"
  ],
  "33494": [
    "RC2015",
    "B018Y229OU"
  ],
  "23194": [
    "charley",
    "B018Y229OU"
  ],
  "12894": [
    "sweetiekitty",
    "B018Y229OU"
  ],
  "61497": [
    "Ternic1",
    "B018Y229OU"
  ],
  "40897": [
    "monkeearms",
    "B018Y229OU"
  ],
  "38000": [
    "Gopal",
    "B018Y229OU"
  ],
  "17400": [
    "Ecasill2",
    "B018Y229OU"
  ],
  "24803": [
    "Paolo",
    "B018Y229OU"
  ],
  "94006": [
    "Hulk",
    "B018Y229OU"
  ],
  "63106": [
    "norbisgirl",
    "B018Y229OU"
  ],
  "70509": [
    "Bears01",
    "B018Y229OU"
  ],
  "60209": [
    "mike",
    "B018Y229OU"
  ],
  "29309": [
    "sweets",
    "B018Y229OU"
  ],
  "19009": [
    "ARSIM",
    "B018Y229OU"
  ],
  "36712": [
    "usual",
    "B018Y229OU"
  ],
  "16112": [
    "J1969R",
    "B018Y229OU"
  ],
  "5812": [
    "Readinglover",
    "B018Y229OU"
  ],
  "75015": [
    "jessings",
    "B018Y229OU"
  ],
  "64715": [
    "docalien",
    "B018Y229OU"
  ],
  "54415": [
    "389",
    "B018Y229OU"
  ],
  "23515": [
    "blopez1976",
    "B018Y229OU"
  ],
  "13215": [
    "Jonathan",
    "B018Y229OU"
  ],
  "61818": [
    "Didar",
    "B018Y229OU"
  ],
  "41218": [
    "Washer",
    "B018Y229OU"
  ],
  "20618": [
    "Bling4me",
    "B018Y229OU"
  ],
  "89821": [
    "Sherry",
    "B018Y229OU"
  ],
  "97224": [
    "TJH618",
    "B018Y229OU"
  ],
  "86924": [
    "Warlock5150",
    "B018Y229OU"
  ],
  "76624": [
    "BT00",
    "B018Y229OU"
  ],
  "14824": [
    "Clayton2go",
    "B018Y229OU"
  ],
  "11927": [
    "Punisher630",
    "B018Y229OU"
  ],
  "1627": [
    "Thom",
    "B018Y229OU"
  ],
  "91430": [
    "Dhight01",
    "B018Y229OU"
  ],
  "81130": [
    "BreAnnya",
    "B018Y229OU"
  ],
  "70830": [
    "Mib414",
    "B018Y229OU"
  ],
  "29630": [
    "Rick",
    "B018Y229OU"
  ],
  "98833": [
    "Lewis",
    "B018Y229OU"
  ],
  "88533": [
    "Gert",
    "B018Y229OU"
  ],
  "78233": [
    "Mapletree",
    "B018Y229OU"
  ],
  "57633": [
    "MEME",
    "B018Y229OU"
  ],
  "37033": [
    "redhead50",
    "B018Y229OU"
  ],
  "16433": [
    "dutch",
    "B018Y229OU"
  ],
  "13536": [
    "Silvia",
    "B018Y229OU"
  ],
  "93039": [
    "Birdie44",
    "B018Y229OU"
  ],
  "82739": [
    "hagg",
    "B018Y229OU"
  ],
  "51839": [
    "West",
    "B018Y229OU"
  ],
  "31239": [
    "SuessM",
    "B018Y229OU"
  ],
  "339": [
    "Taytay1",
    "B018Y229OU"
  ],
  "48942": [
    "inkcart",
    "B018Y229OU"
  ],
  "18042": [
    "Amylynn",
    "B018Y229OU"
  ],
  "7742": [
    "Dave",
    "B018Y229OU"
  ],
  "66645": [
    "MrMu",
    "B018Y229OU"
  ],
  "56345": [
    "Scgeek",
    "B018Y229OU"
  ],
  "46045": [
    "famosamos5",
    "B018Y229OU"
  ],
  "25445": [
    "Kcoburn27",
    "B018Y229OU"
  ],
  "15145": [
    "Deuce4",
    "B018Y229OU"
  ],
  "4845": [
    "Johnla",
    "B018Y229OU"
  ],
  "84348": [
    "Goldilox",
    "B018Y229OU"
  ],
  "63748": [
    "miamia",
    "B018Y229OU"
  ],
  "32848": [
    "nikkiash85",
    "B018Y229OU"
  ],
  "22548": [
    "Prepaid",
    "B018Y229OU"
  ],
  "81451": [
    "Dh12",
    "B018Y229OU"
  ],
  "71151": [
    "tita69",
    "B018Y229OU"
  ],
  "50551": [
    "SKYLAR",
    "B018Y229OU"
  ],
  "19651": [
    "ndck",
    "B018Y229OU"
  ],
  "9351": [
    "Catfish",
    "B018Y229OU"
  ],
  "99154": [
    "BILL",
    "B018Y229OU"
  ],
  "57954": [
    "Karen",
    "B018Y229OU"
  ],
  "27054": [
    "lisama",
    "B018Y229OU"
  ],
  "16754": [
    "User",
    "B018Y229OU"
  ],
  "24157": [
    "Landa",
    "B018Y229OU"
  ],
  "93360": [
    "Techbridger",
    "B018Y229OU"
  ],
  "31560": [
    "makmcalli",
    "B018Y229OU"
  ],
  "90463": [
    "Timm",
    "B018Y229OU"
  ],
  "59563": [
    "LadyEsco702",
    "B018Y229OU"
  ],
  "28663": [
    "safissad",
    "B018Y229OU"
  ],
  "18363": [
    "UR2SWEET",
    "B018Y229OU"
  ],
  "87566": [
    "Steffi",
    "B018Y229OU"
  ],
  "77266": [
    "michael0616",
    "B018Y229OU"
  ],
  "46366": [
    "Amber",
    "B018Y229OU"
  ],
  "43469": [
    "lachunky",
    "B018Y229OU"
  ],
  "33169": [
    "coupedeville",
    "B018Y229OU"
  ],
  "12569": [
    "juke",
    "B018Y229OU"
  ],
  "92072": [
    "Mini",
    "B018Y229OU"
  ],
  "81772": [
    "Challenger",
    "B018Y229OU"
  ],
  "50872": [
    "philsurfs",
    "B018Y229OU"
  ],
  "30272": [
    "Debbie",
    "B018Y229OU"
  ],
  "19972": [
    "Dominique",
    "B018Y229OU"
  ],
  "99475": [
    "Quasimodo",
    "B018Y229OU"
  ],
  "83381": [
    "MrsDavenport",
    "B018Y229OU"
  ],
  "73081": [
    "SPONGEBOB22",
    "B018Y229OU"
  ],
  "42181": [
    "Madskillsmike",
    "B018Y229OU"
  ],
  "31881": [
    "iMax",
    "B018Y229OU"
  ],
  "981": [
    "borikua323",
    "B018Y229OU"
  ],
  "70184": [
    "Jmstott87",
    "B018Y229OU"
  ],
  "59884": [
    "deadman197",
    "B018Y229OU"
  ],
  "87887": [
    "Aaguzma",
    "B018Y229OU"
  ],
  "46687": [
    "Peaches",
    "B018Y229OU"
  ],
  "26087": [
    "Pandora",
    "B018Y229OU"
  ],
  "54090": [
    "Donpc",
    "B018Y229OU"
  ],
  "43790": [
    "debi",
    "B018Y229OU"
  ],
  "12890": [
    "Hpanic22",
    "B018Y229OU"
  ],
  "82093": [
    "Playwithit",
    "B018Y229OU"
  ],
  "71793": [
    "Jodee",
    "B018Y229OU"
  ],
  "61493": [
    "mysixpack",
    "B018Y229OU"
  ],
  "51193": [
    "Skipper",
    "B018Y229OU"
  ],
  "40893": [
    "Rena",
    "B018Y229OU"
  ],
  "79196": [
    "Deejay",
    "B018Y229OU"
  ],
  "48296": [
    "Tero",
    "B018Y229OU"
  ],
  "27696": [
    "Georgegeorgegeorge",
    "B018Y229OU"
  ],
  "7096": [
    "Bverona",
    "B018Y229OU"
  ],
  "24799": [
    "ddrick",
    "B018Y229OU"
  ],
  "21902": [
    "hortencia",
    "B018Y229OU"
  ],
  "91105": [
    "KARob",
    "B018Y229OU"
  ],
  "80805": [
    "Camsmom55",
    "B018Y229OU"
  ],
  "70505": [
    "KeeKee",
    "B018Y229OU"
  ],
  "49905": [
    "Kristie",
    "B018Y229OU"
  ],
  "29305": [
    "Jefferson27",
    "B018Y229OU"
  ],
  "88208": [
    "smile",
    "B018Y229OU"
  ],
  "47008": [
    "stephfasc22",
    "B018Y229OU"
  ],
  "16108": [
    "RjokerS",
    "B018Y229OU"
  ],
  "44111": [
    "louise",
    "B018Y229OU"
  ],
  "23511": [
    "AshT",
    "B018Y229OU"
  ],
  "51514": [
    "TheKnight",
    "B018Y229OU"
  ],
  "41214": [
    "Joel",
    "B018Y229OU"
  ],
  "14820": [
    "Kingpin",
    "B018Y229OU"
  ],
  "53123": [
    "Duck",
    "B018Y229OU"
  ],
  "19326": [
    "tabletowner",
    "B018Y229OU"
  ],
  "9026": [
    "fenton",
    "B018Y229OU"
  ],
  "57629": [
    "AF16",
    "B018Y229OU"
  ],
  "37029": [
    "Rod3",
    "B018Y229OU"
  ],
  "75332": [
    "flakpup",
    "B018Y229OU"
  ],
  "41535": [
    "Krissimoe",
    "B018Y229OU"
  ],
  "10635": [
    "Donova",
    "B018Y229OU"
  ],
  "18038": [
    "Sayed",
    "B018Y229OU"
  ],
  "97541": [
    "7spoons",
    "B018Y229OU"
  ],
  "25441": [
    "Libbydavinci1",
    "B018Y229OU"
  ],
  "94644": [
    "angel",
    "B018Y229OU"
  ],
  "74044": [
    "jrod",
    "B018Y229OU"
  ],
  "12244": [
    "FFI61",
    "B018Y229OU"
  ],
  "1944": [
    "Dawn",
    "B018Y229OU"
  ],
  "91747": [
    "ayanbillie",
    "B018Y229OU"
  ],
  "29947": [
    "AmazonFire",
    "B018Y229OU"
  ],
  "9347": [
    "Mamabear",
    "B018Y229OU"
  ],
  "88850": [
    "hotjava",
    "B018Y229OU"
  ],
  "6450": [
    "RandallB",
    "B018Y229OU"
  ],
  "96253": [
    "OkJerry",
    "B018Y229OU"
  ],
  "55053": [
    "luis",
    "B018Y229OU"
  ],
  "44753": [
    "CREEPY",
    "B018Y229OU"
  ],
  "34453": [
    "Algenib333",
    "B018Y229OU"
  ],
  "13853": [
    "gambit4",
    "B018Y229OU"
  ],
  "83056": [
    "will",
    "B018Y229OU"
  ],
  "62456": [
    "Suzynandy13",
    "B018Y229OU"
  ],
  "80159": [
    "BigAl",
    "B018Y229OU"
  ],
  "59559": [
    "Kcastro",
    "B018Y229OU"
  ],
  "38959": [
    "Shar161r",
    "B018Y229OU"
  ],
  "8059": [
    "Jesse",
    "B018Y229OU"
  ],
  "46362": [
    "john1",
    "B018Y229OU"
  ],
  "15462": [
    "32singer",
    "B018Y229OU"
  ],
  "53765": [
    "Noctoynal",
    "B018Y229OU"
  ],
  "43465": [
    "BobThePirate",
    "B018Y229OU"
  ],
  "33165": [
    "2rainbows",
    "B018Y229OU"
  ],
  "92068": [
    "Treas",
    "B018Y229OU"
  ],
  "71468": [
    "tucholucius",
    "B018Y229OU"
  ],
  "9668": [
    "harvey",
    "B018Y229OU"
  ],
  "89171": [
    "TDMM",
    "B018Y229OU"
  ],
  "68571": [
    "Yesi",
    "B018Y229OU"
  ],
  "58271": [
    "Kimmie",
    "B018Y229OU"
  ],
  "37671": [
    "Cilla",
    "B018Y229OU"
  ],
  "27371": [
    "1111",
    "B018Y229OU"
  ],
  "6771": [
    "LIZZIE64",
    "B018Y229OU"
  ],
  "14174": [
    "Pat55428",
    "B018Y229OU"
  ],
  "3874": [
    "lookatmenow",
    "B018Y229OU"
  ],
  "93677": [
    "rose",
    "B018Y229OU"
  ],
  "52477": [
    "Tricia",
    "B018Y229OU"
  ],
  "21577": [
    "Kaley",
    "B018Y229OU"
  ],
  "8380": [
    "dvazquez",
    "B018Y229OU"
  ],
  "67283": [
    "Shahid",
    "B018Y229OU"
  ],
  "36383": [
    "Cieneguita",
    "B018Y229OU"
  ],
  "84986": [
    "AAAK",
    "B018Y229OU"
  ],
  "43786": [
    "Kindle",
    "B018Y229OU"
  ],
  "12886": [
    "Nat4",
    "B018Y229OU"
  ],
  "61489": [
    "Juanr",
    "B018Y229OU"
  ],
  "30589": [
    "Rigo",
    "B018Y229OU"
  ],
  "79192": [
    "Brii",
    "B018Y229OU"
  ],
  "68892": [
    "Dizzy",
    "B018Y229OU"
  ],
  "48292": [
    "vika",
    "B018Y229OU"
  ],
  "37992": [
    "Reyes510",
    "B018Y229OU"
  ],
  "86595": [
    "mouse",
    "B018Y229OU"
  ],
  "76295": [
    "Scorpio1",
    "B018Y229OU"
  ],
  "24795": [
    "Marshall",
    "B018Y229OU"
  ],
  "14495": [
    "dodore",
    "B018Y229OU"
  ],
  "93998": [
    "donna",
    "B018Y229OU"
  ],
  "63098": [
    "Iceman16",
    "B018Y229OU"
  ],
  "52798": [
    "timmd",
    "B018Y229OU"
  ],
  "32198": [
    "jimmy",
    "B018Y229OU"
  ],
  "29301": [
    "Jziggy",
    "B018Y229OU"
  ],
  "98504": [
    "Pickles",
    "B018Y229OU"
  ],
  "88204": [
    "Gambit5775",
    "B018Y229OU"
  ],
  "75007": [
    "BakEm420",
    "B018Y229OU"
  ],
  "64707": [
    "Chasstone",
    "B018Y229OU"
  ],
  "23507": [
    "maymontjim",
    "B018Y229OU"
  ],
  "13207": [
    "OMJ55",
    "B018Y229OU"
  ],
  "2907": [
    "hgaynor",
    "B018Y229OU"
  ],
  "82410": [
    "Katrina",
    "B018Y229OU"
  ],
  "61810": [
    "razman",
    "B018Y229OU"
  ],
  "69213": [
    "Ljay",
    "B018Y229OU"
  ],
  "48613": [
    "Boogie",
    "B018Y229OU"
  ],
  "28013": [
    "Ojo20109",
    "B018Y229OU"
  ],
  "86916": [
    "sassy",
    "B018Y229OU"
  ],
  "56016": [
    "Tmanexx",
    "B018Y229OU"
  ],
  "4516": [
    "Melissa",
    "B018Y229OU"
  ],
  "63419": [
    "sweetpea58",
    "B018Y229OU"
  ],
  "1619": [
    "jproach81",
    "B018Y229OU"
  ],
  "39922": [
    "vps826",
    "B018Y229OU"
  ],
  "29622": [
    "acorn",
    "B018Y229OU"
  ],
  "19322": [
    "Suai1971",
    "B018Y229OU"
  ],
  "88525": [
    "teacher",
    "B018Y229OU"
  ],
  "37025": [
    "Sprtzs",
    "B018Y229OU"
  ],
  "16425": [
    "GiGi",
    "B018Y229OU"
  ],
  "85628": [
    "Mycreation64",
    "B018Y229OU"
  ],
  "65028": [
    "Chip",
    "B018Y229OU"
  ],
  "34128": [
    "Briancardoctor",
    "B018Y229OU"
  ],
  "23828": [
    "Mytown",
    "B018Y229OU"
  ],
  "3228": [
    "Miggs",
    "B018Y229OU"
  ],
  "93031": [
    "cmlatina59",
    "B018Y229OU"
  ],
  "72431": [
    "towser",
    "B018Y229OU"
  ],
  "62131": [
    "farmer12",
    "B018Y229OU"
  ],
  "20931": [
    "Dwarvenwarrior",
    "B018Y229OU"
  ],
  "90134": [
    "ldacwa",
    "B018Y229OU"
  ],
  "79834": [
    "Leoh",
    "B018Y229OU"
  ],
  "69534": [
    "Ronnie",
    "B018Y229OU"
  ],
  "56337": [
    "tony",
    "B018Y229OU"
  ],
  "46037": [
    "froning",
    "B018Y229OU"
  ],
  "35737": [
    "Brad",
    "B018Y229OU"
  ],
  "15137": [
    "Db91",
    "B018Y229OU"
  ],
  "4837": [
    "Tonytwan",
    "B018Y229OU"
  ],
  "32840": [
    "BOLO",
    "B018Y229OU"
  ],
  "1940": [
    "BStout",
    "B018Y229OU"
  ],
  "91743": [
    "Fyfec",
    "B018Y229OU"
  ],
  "60843": [
    "2356",
    "B018Y229OU"
  ],
  "88846": [
    "SgtKool",
    "B018Y229OU"
  ],
  "78546": [
    "00worm",
    "B018Y229OU"
  ],
  "57946": [
    "Chell",
    "B018Y229OU"
  ],
  "37346": []
    "manfred",
    "B018Y229OU"
  ],
  "75649": [
    "alfreda",
    "B018Y229OU"
  ],
  "44749": [
    "twistan",
    "B018Y229OU"
  ],
  "3549": [
    "hjckicks",
    "B018Y229OU"
  ],
  "31552": [
    "Awkaboole",
    "B018Y229OU"
  ],
  "90455": [
    "CfromtheD",
    "B018Y229OU"
  ],
  "80155": [
    "CRMII",
    "B018Y229OU"
  ],
  "59555": [
    "BmoreBob",
    "B018Y229OU"
  ],
  "8055": [
    "Slizzie",
    "B018Y229OU"
  ],
  "84661": [
    "KingDad",
    "B018Y229OU"
  ],
  "64061": [
    "Nick",
    "B018Y229OU"
  ],
  "53761": [
    "Reviewer28",
    "B018Y229OU"
  ],
  "61164": [
    "Brand",
    "B018Y229OU"
  ],
  "50864": [
    "Angr",
    "B018Y229OU"
  ],
  "40564": [
    "bobbieg",
    "B018Y229OU"
  ],
  "19964": [
    "tcbjamie",
    "B018Y229OU"
  ],
  "99467": [
    "mickeymouse",
    "B018Y229OU"
  ],
  "47967": [
    "Abuela",
    "B018Y229OU"
  ],
  "6767": [
    "Sporks1981",
    "B018Y229OU"
  ],
  "96570": [
    "KateSpade",
    "B018Y229OU"
  ],
  "24470": [
    "atlbaby",
    "B018Y229OU"
  ],
  "3870": [
    "Carlos",
    "B018Y229OU"
  ],
  "93673": [
    "Shelley2016",
    "B018Y229OU"
  ],
  "52473": [
    "danysgrandma",
    "B018Y229OU"
  ],
  "59876": [
    "Linda",
    "B018Y229OU"
  ],
  "28976": [
    "Tray",
    "B018Y229OU"
  ],
  "98179": [
    "Chili",
    "B018Y229OU"
  ],
  "87879": [
    "Blh8426",
    "B018Y229OU"
  ],
  "77579": [
    "arvi",
    "B018Y229OU"
  ],
  "5479": [
    "Golyd1975",
    "B018Y229OU"
  ],
  "74682": [
    "Davidflores",
    "B018Y229OU"
  ],
  "64382": [
    "Toys",
    "B018Y229OU"
  ],
  "92385": [
    "Jimmy",
    "B018Y229OU"
  ],
  "82085": [
    "Tmack",
    "B018Y229OU"
  ],
  "61485": [
    "Cowgirl",
    "B018Y229OU"
  ],
  "51185": [
    "4188mb329",
    "B018Y229OU"
  ],
  "40885": [
    "Nkane40",
    "B018Y229OU"
  ],
  "30585": [
    "George",
    "B018Y229OU"
  ],
  "17388": [
    "AmberD",
    "B018Y229OU"
  ],
  "86591": [
    "paul20tech",
    "B018Y229OU"
  ],
  "76291": [
    "PeteKNH",
    "B018Y229OU"
  ],
  "65991": [
    "Marianne",
    "B018Y229OU"
  ],
  "45391": [
    "bbw0873",
    "B018Y229OU"
  ],
  "4191": [
    "lovethistablet",
    "B018Y229OU"
  ],
  "63094": [
    "Nancy",
    "B018Y229OU"
  ],
  "1294": [
    "MikeD",
    "B018Y229OU"
  ],
  "80797": [
    "jm22",
    "B018Y229OU"
  ],
  "60197": [
    "Allen",
    "B018Y229OU"
  ],
  "39597": [
    "poppop56",
    "B018Y229OU"
  ],
  "88200": [
    "wagonburner60",
    "B018Y229OU"
  ],
  "67600": [
    "WilliamMark",
    "B018Y229OU"
  ],
  "16100": [
    "chele",
    "B018Y229OU"
  ],
  "23503": [
    "Denise",
    "B018Y229OU"
  ],
  "92706": [
    "Ilovebestbuy",
    "B018Y229OU"
  ],
  "72106": [
    "LazaroX",
    "B018Y229OU"
  ],
  "51506": [
    "nick6413",
    "B018Y229OU"
  ],
  "30906": [
    "newday",
    "B018Y229OU"
  ],
  "20606": [
    "IDK2013",
    "B018Y229OU"
  ],
  "58909": [
    "sinner",
    "B018Y229OU"
  ],
  "48609": [
    "wilobeast",
    "B018Y229OU"
  ],
  "28009": [
    "mamabear3",
    "B018Y229OU"
  ],
  "17709": [
    "LUIS2016",
    "B018Y229OU"
  ],
  "7409": [
    "Michelleleebabe",
    "B018Y229OU"
  ],
  "97212": [
    "Treecee",
    "B018Y229OU"
  ],
  "45712": [
    "Smurfette",
    "B018Y229OU"
  ],
  "25112": [
    "Jpplease",
    "B018Y229OU"
  ],
  "4512": [
    "Mbarnes",
    "B018Y229OU"
  ],
  "94315": [
    "Jahanas",
    "B018Y229OU"
  ],
  "84015": [
    "Jane",
    "B018Y229OU"
  ],
  "63415": [
    "Skeet5199",
    "B018Y229OU"
  ],
  "22215": [
    "Cbrcowboy",
    "B018Y229OU"
  ],
  "1615": [
    "Stewarts4",
    "B018Y229OU"
  ],
  "91418": [
    "Jules",
    "B018Y229OU"
  ],
  "50218": [
    "Heidi",
    "B018Y229OU"
  ],
  "39918": [
    "purplegirl",
    "B018Y229OU"
  ],
  "29618": [
    "Curtis",
    "B018Y229OU"
  ],
  "19318": [
    "Colin",
    "B018Y229OU"
  ],
  "67921": [
    "Henry",
    "B018Y229OU"
  ],
  "75324": [
    "meemee",
    "B018Y229OU"
  ],
  "34124": [
    "Denis",
    "B018Y229OU"
  ],
  "93027": [
    "Vada",
    "B018Y229OU"
  ],
  "82727": [
    "Phoenix",
    "B018Y229OU"
  ],
  "51827": [
    "Skinner",
    "B018Y229OU"
  ],
  "41527": [
    "Path165",
    "B018Y229OU"
  ],
  "10627": [
    "Zach",
    "B018Y229OU"
  ],
  "327": [
    "ritter6281",
    "B018Y229OU"
  ],
  "79830": [
    "becca",
    "B018Y229OU"
  ],
  "48930": [
    "Kristine",
    "B018Y229OU"
  ],
  "28330": [
    "shorty",
    "B018Y229OU"
  ],
  "76933": [
    "Luv2Hike",
    "B018Y229OU"
  ],
  "66633": [
    "sleepypups",
    "B018Y229OU"
  ],
  "84336": [
    "Stephaniep",
    "B018Y229OU"
  ],
  "74036": [
    "cstike",
    "B018Y229OU"
  ],
  "63736": [
    "SaucyMama",
    "B018Y229OU"
  ],
  "53436": [
    "Soffee",
    "B018Y229OU"
  ],
  "43136": [
    "Neecy",
    "B018Y229OU"
  ],
  "12236": [
    "Keith",
    "B018Y229OU"
  ],
  "1936": [
    "dhonda42",
    "B018Y229OU"
  ],
  "81439": [
    "samsungin",
    "B018Y229OU"
  ],
  "29939": [
    "CCM2016",
    "B018Y229OU"
  ],
  "68242": [
    "Sonja",
    "B018Y229OU"
  ],
  "27042": [
    "Toshiba",
    "B018Y229OU"
  ],
  "75645": [
    "LotsObubbles",
    "B018Y229OU"
  ],
  "65345": [
    "SamsonJ",
    "B018Y229OU"
  ],
  "55045": [
    "Connies",
    "B018Y229OU"
  ],
  "93348": [
    "094m41",
    "B018Y229OU"
  ],
  "72748": [
    "Mimi",
    "B018Y229OU"
  ],
  "41848": [
    "toad",
    "B018Y229OU"
  ],
  "21248": [
    "Troyu007",
    "B018Y229OU"
  ],
  "10948": [
    "Sashy8",
    "B018Y229OU"
  ],
  "49251": [
    "Chad",
    "B018Y229OU"
  ],
  "38951": [
    "NewtoApple",
    "B018Y229OU"
  ],
  "36054": [
    "klowies",
    "B018Y229OU"
  ],
  "84657": [
    "justbnme",
    "B018Y229OU"
  ],
  "64057": [
    "Thizbp",
    "B018Y229OU"
  ],
  "53757": [
    "Brown",
    "B018Y229OU"
  ],
  "33157": [
    "DYANN",
    "B018Y229OU"
  ],
  "12557": [
    "AllDay",
    "B018Y229OU"
  ],
  "92060": [
    "Staceyja876",
    "B018Y229OU"
  ],
  "61160": [
    "gerrys",
    "B018Y229OU"
  ],
  "50860": [
    "cmoemoe",
    "B018Y229OU"
  ],
  "40560": [
    "Herman",
    "B018Y229OU"
  ],
  "99463": [
    "Jeremy",
    "B018Y229OU"
  ],
  "89163": [
    "Kodiak",
    "B018Y229OU"
  ],
  "68563": [
    "Meka",
    "B018Y229OU"
  ],
  "58263": [
    "Loki1975",
    "B018Y229OU"
  ],
  "47963": [
    "Firepixie79",
    "B018Y229OU"
  ],
  "17063": [
    "TTSwann",
    "B018Y229OU"
  ],
  "6763": [
    "KK512",
    "B018Y229OU"
  ],
  "65666": [
    "Babybear",
    "B018Y229OU"
  ],
  "24466": [
    "Jojo",
    "B018Y229OU"
  ],
  "3866": [
    "D322i",
    "B018Y229OU"
  ],
  "21569": [
    "Tkrob",
    "B018Y229OU"
  ],
  "90772": [
    "Lele70802",
    "B018Y229OU"
  ],
  "70172": [
    "Gartam",
    "B018Y229OU"
  ],
  "59872": [
    "PapiGrande",
    "B018Y229OU"
  ],
  "39272": [
    "Edward",
    "B018Y229OU"
  ],
  "8372": [
    "Scout",
    "B018Y229OU"
  ],
  "98175": [
    "Andrea",
    "B018Y229OU"
  ],
  "56975": [
    "Twiggy1959",
    "B018Y229OU"
  ],
  "95278": [
    "MsPurple1",
    "B018Y229OU"
  ],
  "33478": [
    "Blinkie",
    "B018Y229OU"
  ],
  "61481": [
    "Sushil",
    "B018Y229OU"
  ],
  "51181": [
    "Snooky",
    "B018Y229OU"
  ],
  "20281": [
    "Abby",
    "B018Y229OU"
  ],
  "99784": [
    "Hazel",
    "B018Y229OU"
  ],
  "86587": [
    "jnwoods",
    "B018Y229OU"
  ],
  "76287": [
    "johnny",
    "B018Y229OU"
  ],
  "45387": [
    "Happy",
    "B018Y229OU"
  ],
  "35087": [
    "Mmkk",
    "B018Y229OU"
  ],
  "24787": [
    "Vinod",
    "B018Y229OU"
  ],
  "21890": [
    "Grizzy",
    "B018Y229OU"
  ],
  "1290": [
    "Srini",
    "B018Y229OU"
  ],
  "91093": [
    "Dmetoyer",
    "B018Y229OU"
  ],
  "49893": [
    "Iris209",
    "B018Y229OU"
  ],
  "88196": [
    "SCMc",
    "B018Y229OU"
  ],
  "67596": [
    "Tam1",
    "B018Y229OU"
  ],
  "57296": [
    "Sgree",
    "B018Y229OU"
  ],
  "36696": [
    "Dustin",
    "B018Y229OU"
  ],
  "16096": [
    "Cnote",
    "B018Y229OU"
  ],
  "5796": [
    "Nycblue",
    "B018Y229OU"
  ],
  "74999": [
    "Coachcope",
    "B018Y229OU"
  ],
  "54399": [
    "Scooter",
    "B018Y229OU"
  ],
  "44099": [
    "Lhuka",
    "B018Y229OU"
  ],
  "13199": [
    "Jenn",
    "B018Y229OU"
  ],
  "72102": [
    "Mama",
    "B018Y229OU"
  ],
  "61802": [
    "molly",
    "B018Y229OU"
  ],
  "51502": [
    "Malany",
    "B018Y229OU"
  ],
  "41202": [
    "Leah",
    "B018Y229OU"
  ],
  "20602": [
    "Megp",
    "B018Y229OU"
  ],
  "10302": [
    "Jimbob",
    "B018Y229OU"
  ],
  "58905": [
    "AAM1",
    "B018Y229OU"
  ],
  "48605": [
    "Bestcustomer",
    "B018Y229OU"
  ],
  "66308": [
    "Sharkdude",
    "B018Y229OU"
  ],
  "56008": [
    "Denny",
    "B018Y229OU"
  ],
  "73711": [
    "Lizzie",
    "B018Y229OU"
  ],
  "63411": [
    "Chris",
    "B018Y229OU"
  ],
  "53111": [
    "VEBS",
    "B018Y229OU"
  ],
  "42811": [
    "batman3000",
    "B018Y229OU"
  ],
  "91414": [
    "Jc60",
    "B018Y229OU"
  ],
  "70814": [
    "amigo",
    "B018Y229OU"
  ],
  "60514": [
    "Prius",
    "B018Y229OU"
  ],
  "39914": [
    "JMAT",
    "B018Y229OU"
  ],
  "88517": [
    "Bond",
    "B018Y229OU"
  ],
  "78217": [
    "Marcuspower",
    "B018Y229OU"
  ],
  "16417": [
    "rosita",
    "B018Y229OU"
  ],
  "6117": [
    "Bgamer",
    "B018Y229OU"
  ],
  "65020": [
    "Apple",
    "B018Y229OU"
  ],
  "54720": [
    "MrsStrickland",
    "B018Y229OU"
  ],,],],,,
  "3220": [
    "Thejerk",
    "B018Y229OU"
  ],
  "93023": [
    "Rosegring",
    "B018Y229OU"
  ],
  "72423": [
    "Butterfly",
    "B018Y229OU"
  ],
  "59226": [
    "kisha",
    "B018Y229OU"
  ],
  "28326": [
    "Your",
    "B018Y229OU"
  ],
  "18026": [
    "kvisage",
    "B018Y229OU"
  ],
  "7726": [
    "Babybu",
    "B018Y229OU"
  ],
  "97529": [
    "Bobb",
    "B018Y229OU"
  ],
  "87229": [
    "ratp2016",
    "B018Y229OU"
  ],
  "56329": [
    "Sacst20",
    "B018Y229OU"
  ],
  "53432": [
    "Benny",
    "B018Y229OU"
  ],
  "12232": [
    "Blue2u23",
    "B018Y229OU"
  ],
  "29935": [
    "Momof1",
    "B018Y229OU"
  ],
  "88838": [
    "jasousa1985",
    "B018Y229OU"
  ],
  "57938": [
    "Compgeek",
    "B018Y229OU"
  ],
  "37338": [
    "Collector",
    "B018Y229OU"
  ],
  "27038": [
    "Kedzone",
    "B018Y229OU"
  ],
  "6438": [
    "TWINTONA",
    "B018Y229OU"
  ],
  "75641": [
    "Neeneenoi",
    "B018Y229OU"
  ],
  "44741": [
    "Gerard",
    "B018Y229OU"
  ],
  "24141": [
    "Gamer",
    "B018Y229OU"
  ],
  "13841": [
    "Sunshine384",
    "B018Y229OU"
  ],
  "3541": [
    "Loveworthy229",
    "B018Y229OU"
  ],
  "90447": [
    "HFCU",
    "B018Y229OU"
  ],
  "59547": [
    "Roxxitas",
    "B018Y229OU"
  ],
  "8047": [
    "Greeneyes",
    "B018Y229OU"
  ],
  "97850": [
    "etexas",
    "B018Y229OU"
  ],
  "66950": [
    "bear6010",
    "B018Y229OU"
  ],
  "56650": [
    "Anas",
    "B018Y229OU"
  ],
  "53753": [
    "Graybeard",
    "B018Y229OU"
  ],
  "33153": [
    "Veee",
    "B018Y229OU"
  ],
  "2253": [
    "balaji",
    "B018Y229OU"
  ],
  "71456": [
    "kelley25",
    "B018Y229OU"
  ],
  "61156": [
    "Bailey91932",
    "B018Y229OU"
  ],
  "40556": [
    "Ilikebestbuy",
    "B018Y229OU"
  ],
  "19956": [
    "techie",
    "B018Y229OU"
  ],
  "9656": [
    "JoeNavy",
    "B018Y229OU"
  ],
  "99459": [
    "JJDH",
    "B018Y229OU"
  ],
  "47959": [
    "Bestbuydesigner11",
    "B018Y229OU"
  ],
  "27359": [
    "Oldrolo99",
    "B018Y229OU"
  ],
  "6759": [
    "BusyMom",
    "B018Y229OU"
  ],
  "86262": [
    "kate",
    "B018Y229OU"
  ],
  "65662": [
    "sencillo12",
    "B018Y229OU"
  ],
  "24462": [
    "OjosdeSappo",
    "B018Y229OU"
  ],
  "3862": [
    "Tvwatcher",
    "B018Y229OU"
  ],
  "83365": [
    "Acehardin",
    "B018Y229OU"
  ],
  "11265": [
    "Mcamacho68",
    "B018Y229OU"
  ],
  "80468": [
    "Jiffy",
    "B018Y229OU"
  ],
  "49568": [
    "DWatl",
    "B018Y229OU"
  ],
  "39268": [
    "RockinCD",
    "B018Y229OU"
  ],
  "18668": [
    "Randough",
    "B018Y229OU"
  ],
  "98171": [
    "Haaq",
    "B018Y229OU"
  ],
  "67271": [
    "JAGS",
    "B018Y229OU"
  ],
  "56971": [
    "srikanth",
    "B018Y229OU"
  ],
  "46671": [
    "Outbackred",
    "B018Y229OU"
  ],
  "36371": [
    "ManC",
    "B018Y229OU"
  ],
  "15771": [
    "Tabletdude",
    "B018Y229OU"
  ],
  "5471": [
    "Grammy",
    "B018Y229OU"
  ],
  "95274": [
    "Charlie",
    "B018Y229OU"
  ],
  "82077": [
    "Ironmike81",
    "B018Y229OU"
  ],
  "71777": [
    "Bashful",
    "B018Y229OU"
  ],
  "61477": [
    "Microsd",
    "B018Y229OU"
  ],
  "30577": [
    "Rooster",
    "B018Y229OU"
  ],
  "99780": [
    "Heather",
    "B018Y229OU"
  ],
  "48280": [
    "Anonymous",
    "B018Y229OU"
  ],
  "17380": [
    "CINDY",
    "B018Y229OU"
  ],
  "65983": [
    "Cori",
    "B018Y229OU"
  ],
  "45383": [
    "JDTECH",
    "B018Y229OU"
  ],
  "24783": [
    "Kindel",
    "B018Y229OU"
  ],
  "93986": [
    "Gianna",
    "B018Y229OU"
  ],
  "83686": [
    "Axg16",
    "B018Y229OU"
  ],
  "52786": [
    "Jose417",
    "B018Y229OU"
  ],
  "42486": [
    "angelica",
    "B018Y229OU"
  ],
  "21886": [
    "Kicraig",
    "B018Y229OU"
  ],
  "11586": [
    "shopmom84",
    "B018Y229OU"
  ],
  "70489": [
    "Jessie124",
    "B018Y229OU"
  ],
  "49889": [
    "beto",
    "B018Y229OU"
  ],
  "29289": [
    "Traxx1",
    "B018Y229OU"
  ],
  "18989": [
    "Southernmerc91",
    "B018Y229OU"
  ],
  "8689": [
    "Roshana",
    "B018Y229OU"
  ],
  "88192": [
    "Chulo",
    "B018Y229OU"
  ],
  "77892": [
    "Stargazer8",
    "B018Y229OU"
  ],
  "36692": [
    "Boostingsti1120",
    "B018Y229OU"
  ],
  "95595": [
    "AsianGuy",
    "B018Y229OU"
  ],
  "33795": [
    "firewiz314",
    "B018Y229OU"
  ],
  "2895": [
    "mrakm68",
    "B018Y229OU"
  ],
  "92698": [
    "Pattyrtz",
    "B018Y229OU"
  ],
  "51498": [
    "Stormy",
    "B018Y229OU"
  ],
  "30898": [
    "JIMMY",
    "B018Y229OU"
  ],
  "100101": [
    "marc",
    "B018Y229OU"
  ],
  "79501": [
    "Theojack42",
    "B018Y229OU"
  ],
  "38301": [
    "Powerman",
    "B018Y229OU"
  ],
  "7401": [
    "ShanNick",
    "B018Y229OU"
  ],
  "97204": [
    "Javie",
    "B018Y229OU"
  ],
  "66304": [
    "Jerseytreez1",
    "B018Y229OU"
  ],
  "45704": [
    "mamabear",
    "B018Y229OU"
  ],
  "4504": [
    "oukiman",
    "B018Y229OU"
  ],
  "84007": [
    "mrq48",
    "B018Y229OU"
  ],
  "73707": [
    "batdan7",
    "B018Y229OU"
  ],
  "63407": [
    "Bryan",
    "B018Y229OU"
  ],
  "32507": [
    "Reese",
    "B018Y229OU"
  ],
  "22207": [
    "Reba",
    "B018Y229OU"
  ],
  "11907": [
    "Darlene",
    "B018Y229OU"
  ],
  "1607": [
    "smartin3380",
    "B018Y229OU"
  ],
  "50210": [
    "Danakkodi",
    "B018Y229OU"
  ],
  "39910": [
    "kcladyz",
    "B018Y229OU"
  ],
  "29610": [
    "YaYa2",
    "B018Y229OU"
  ],
  "9010": [
    "fl99",
    "B018Y229OU"
  ],
  "98813": [
    "sjjb",
    "B018Y229OU"
  ],
  "78213": [
    "Shark",
    "B018Y229OU"
  ],
  "67913": [
    "Tangee",
    "B018Y229OU"
  ],
  "57613": [
    "Chief",
    "B018Y229OU"
  ],
  "47313": [
    "0golf0fun",
    "B018Y229OU"
  ],
  "37013": [
    "Nisey",
    "B018Y229OU"
  ],
  "95916": [
    "Rokubuyer",
    "B018Y229OU"
  ],
  "23816": [
    "Ryeguy74",
    "B018Y229OU"
  ],
  "3216": [
    "Nichols1",
    "B018Y229OU"
  ],
  "82719": [
    "jogr",
    "B018Y229OU"
  ],
  "41519": [
    "Emalini",
    "B018Y229OU"
  ],
  "20919": [
    "Griff",
    "B018Y229OU"
  ],
  "10619": [
    "Jag79",
    "B018Y229OU"
  ],
  "90122": [
    "TheCritic",
    "B018Y229OU"
  ],
  "48922": [
    "Jonda",
    "B018Y229OU"
  ],
  "38622": [
    "likeswholesomemovies",
    "B018Y229OU"
  ],
  "28322": [
    "Sdj96781",
    "B018Y229OU"
  ],
  "97525": [
    "Gaby",
    "B018Y229OU"
  ],
  "66625": [
    "BigPoppa",
    "B018Y229OU"
  ],
  "56325": [
    "Allie",
    "B018Y229OU"
  ],
  "4825": [
    "Rae1414",
    "B018Y229OU"
  ],
  "94628": [
    "taz172",
    "B018Y229OU"
  ],
  "84328": [
    "skip",
    "B018Y229OU"
  ],
  "53428": [
    "MovieLoverNH",
    "B018Y229OU"
  ],
  "32828": [
    "Love",
    "B018Y229OU"
  ],
  "22528": [
    "sexxymama04",
    "B018Y229OU"
  ],
  "60831": [
    "33Lolijean",
    "B018Y229OU"
  ],
  "40231": [
    "Cecil",
    "B018Y229OU"
  ],
  "19631": [
    "Riverside951",
    "B018Y229OU"
  ],
  "88834": [
    "Londa",
    "B018Y229OU"
  ],
  "57934": [
    "Scarlett",
    "B018Y229OU"
  ],
  "16734": [
    "itchyfinga",
    "B018Y229OU"
  ],
  "6434": [
    "cuba",
    "B018Y229OU"
  ],
  "85937": [
    "BigRed",
    "B018Y229OU"
  ],
  "65337": [
    "Abhi2016",
    "B018Y229OU"
  ],
  "34437": [
    "Ac12",
    "B018Y229OU"
  ],
  "24137": [
    "Kmhsnow",
    "B018Y229OU"
  ],
  "3537": [
    "Kaye",
    "B018Y229OU"
  ],
  "83040": [
    "PlayerBLUE",
    "B018Y229OU"
  ],
  "72740": [
    "fashionEQ",
    "B018Y229OU"
  ],
  "62440": [
    "MeMe",
    "B018Y229OU"
  ],
  "52140": [
    "Caren",
    "B018Y229OU"
  ],
  "41840": [
    "Dhanyelle",
    "B018Y229OU"
  ],
  "31540": [
    "Niceguy1",
    "B018Y229OU"
  ],
  "21240": [
    "Melissa1223",
    "B018Y229OU"
  ],
  "90443": [
    "Lando",
    "B018Y229OU"
  ],
  "69843": [
    "Dmireles1018",
    "B018Y229OU"
  ],
  "18343": [
    "DeeDee",
    "B018Y229OU"
  ],
  "8043": [
    "Hawaii",
    "B018Y229OU"
  ],
  "46346": [
    "Satisfied",
    "B018Y229OU"
  ],
  "36046": [
    "sherry",
    "B018Y229OU"
  ],
  "5146": [
    "dyzfnctional",
    "B018Y229OU"
  ],
  "53749": [
    "Onaleona",
    "B018Y229OU"
  ],
  "12549": [
    "jjms1980",
    "B018Y229OU"
  ],
  "81752": [
    "Dee525",
    "B018Y229OU"
  ],
  "61152": [
    "tkrob",
    "B018Y229OU"
  ],
  "40552": [
    "scoutmaster",
    "B018Y229OU"
  ],
  "78855": [
    "Balagon",
    "B018Y229OU"
  ],
  "37655": [
    "Ae49er",
    "B018Y229OU"
  ],
  "96558": [
    "Notsotechperson",
    "B018Y229OU"
  ],
  "65658": [
    "Karrie",
    "B018Y229OU"
  ],
  "55358": [
    "Julie",
    "B018Y229OU"
  ],
  "45058": [
    "Angieboo1",
    "B018Y229OU"
  ],
  "34758": [
    "Redbirdz97",
    "B018Y229OU"
  ],
  "3858": [
    "Donna",
    "B018Y229OU"
  ],
  "73061": [
    "Maleboa",
    "B018Y229OU"
  ],
  "62761": [
    "Cayman",
    "B018Y229OU"
  ],
  "31861": [
    "GrantW",
    "B018Y229OU"
  ],
  "11261": [
    "Oreo",
    "B018Y229OU"
  ],
  "961": [
    "kirenna",
    "B018Y229OU"
  ],
  "80464": [
    "LILY",
    "B018Y229OU"
  ],
  "70164": [
    "Kris",
    "B018Y229OU"
  ],
  "77567": [
    "Princesa1005",
    "B018Y229OU"
  ],
  "56967": [
    "JonM1102",
    "B018Y229OU"
  ],
  "5467": [
    "HPHAPPY",
    "B018Y229OU"
  ],
  "95270": [
    "David",
    "B018Y229OU"
  ],
  "64370": [
    "Troubleaa",
    "B018Y229OU"
  ],
  "54070": [
    "Muffaletta101",
    "B018Y229OU"
  ],
  "20273": [
    "Stonecold1966",
    "B018Y229OU"
  ],
  "79176": [
    "Lexis",
    "B018Y229OU"
  ],
  "68876": [
    "Mcclailo",
    "B018Y229OU"
  ],
  "58576": [
    "BigRobert",
    "B018Y229OU"
  ],
  "96879": [
    "Megs",
    "B018Y229OU"
  ],
  "86579": [
    "Diva2uBoo",
    "B018Y229OU"
  ],
  "45379": [
    "Angie",
    "B018Y229OU"
  ],
  "93982": [
    "Josh",
    "B018Y229OU"
  ],
  "83682": [
    "KenC",
    "B018Y229OU"
  ],
  "63082": [
    "Cyber",
    "B018Y229OU"
  ],
  "32182": [
    "Yeqon",
    "B018Y229OU"
  ],
  "21882": [
    "Brownie2002",
    "B018Y229OU"
  ],
  "11582": [
    "Ramasamsung",
    "B018Y229OU"
  ],
  "1282"{: [
    "Pete",
    "B018Y229OU"
  ],
  "91085": [
    "1206",
    "B018Y229OU"
  ],
  "80785": [
    "Bonnie",
    "B018Y229OU"
  ],
  "49885": [
    "Hisqueen",
    "B018Y229OU"
  ],
  "29285": [
    "Alexaka10",
    "B018Y229OU"
  ],
  "18985": [
    "Jose",
    "B018Y229OU"
  ],
  "88188": [
    "Sha76",
    "B018Y229OU"
  ],
  "67588": [
    "MattBrandon",
    "B018Y229OU"
  ],
  "46988": [
    "Marvgoof",
    "B018Y229OU"
  ],
  "26388": [
    "Arod4761",
    "B018Y229OU"
  ],
  "16088": [
    "mpriv",
    "B018Y229OU"
  ],
  "95591": [
    "RileyS",
    "B018Y229OU"
  ],
  "85291": [
    "Btab",
    "B018Y229OU"
  ],
  "74991": [
    "timp900",
    "B018Y229OU"
  ],
  "33791": [
    "SaucyRooster",
    "B018Y229OU"
  ],
  "23491": [
    "Subnirvake",
    "B018Y229OU"
  ],
  "2891": [
    "Sine46",
    "B018Y229OU"
  ],
  "72094": [
    "Tejadara",
    "B018Y229OU"
  ],
  "41194": [
    "rosegring67",
    "B018Y229OU"
  ],
  "10294": [
    "yvboo2498",
    "B018Y229OU"
  ],
  "100097": [
    "Murdock",
    "B018Y229OU"
  ],
  "79497": [
    "Zigha",
    "B018Y229OU"
  ],
  "58897": [
    "Rissa",
    "B018Y229OU"
  ],
  "48597": [
    "csowen",
    "B018Y229OU"
  ],
  "7397": [
    "Rockie945",
    "B018Y229OU"
  ],
  "97200": [
    "Igotmixes",
    "B018Y229OU"
  ],
  "76600": [
    "Mona1",
    "B018Y229OU"
  ],
  "66300": [
    "edizzle",
    "B018Y229OU"
  ],
  "35400": [
    "GeekgirlNH",
    "B018Y229OU"
  ],
  "73703": [
    "Clyde",
    "B018Y229OU"
  ],
  "60506": [
    "nolaslimm",
    "B018Y229OU"
  ],
  "29606": [
    "Susanne",
    "B018Y229OU"
  ],
  "9006": [
    "Shaka",
    "B018Y229OU"
  ],
  "98809": [
    "Cruiser14",
    "B018Y229OU"
  ],
  "88509": [
    "Marylulu",
    "B018Y229OU"
  ],
  "57609": [
    "jade918",
    "B018Y229OU"
  ],
  "47309": [
    "lossotos4",
    "B018Y229OU"
  ],
  "16409": [
    "bigvic",
    "B018Y229OU"
  ],
  "6109": [
    "todd4foot1",
    "B018Y229OU"
  ],
  "95912": [
    "supacat",
    "B018Y229OU"
  ],
  "13512": [
    "Shopper8",
    "B018Y229OU"
  ],
  "93015": [
    "Fifa12machine",
    "B018Y229OU"
  ],
  "82715": [
    "Stockton209",
    "B018Y229OU"
  ],
  "72415": [
    "Thistle",
    "B018Y229OU"
  ],
  "20915": [
    "Drdrea05",
    "B018Y229OU"
  ],
  "90118": [
    "kimmy",
    "B018Y229OU"
  ],
  "79818": [
    "SevenOne",
    "B018Y229OU"
  ],
  "69518": [
    "Phild",
    "B018Y229OU"
  ],
  "48918": [
    "james",
    "B018Y229OU"
  ],
  "28318": [
    "Rick07",
    "B018Y229OU"
  ],
  "18018": [
    "ndmat",
    "B018Y229OU"
  ],
  "87221": [
    "illwyll",
    "B018Y229OU"
  ],
  "76921": [
    "musiclover",
    "B018Y229OU"
  ],
  "25421": [
    "BKSDynax",
    "B018Y229OU"
  ],
  "84324": [
    "JMarti49",
    "B018Y229OU"
  ],
  "74024": [
    "Dman5654",
    "B018Y229OU"
  ],
  "63724": [
    "igonima",
    "B018Y229OU"
  ],
  "12224": [
    "ccdriver1099",
    "B018Y229OU"
  ],
  "60827": [
    "Travo",
    "B018Y229OU"
  ],
  "50527": [
    "freshy",
    "B018Y229OU"
  ],
  "40227": [
    "TheGuyFromSeattle",
    "B018Y229OU"
  ],
  "29927": [
    "Brenda",
    "B018Y229OU"
  ],
  "19627": [
    "shrink104",
    "B018Y229OU"
  ],
  "9327": [
    "Janetb",
    "B018Y229OU"
  ],
  "99130": [
    "Cee215",
    "B018Y229OU"
  ],
  "27030": [
    "DCBBreviewer",
    "B018Y229OU"
  ],
  "16730": [
    "erum",
    "B018Y229OU"
  ],
  "6430": [
    "Eddy",
    "B018Y229OU"
  ],
  "55033": [
    "Baybay",
    "B018Y229OU"
  ],
  "44733": [
    "alopezmx13",
    "B018Y229OU"
  ],
  "34433": [
    "Nickster19"},
    "B018Y229OU"
  ],
  "13833": [
    "Chinagirl",
    "B018Y229OU"
  ],
  "83036": [
    "ashi",
    "B018Y229OU"
  ],
  "31536": [
    "KJL919",
    "B018Y229OU"
  ][],
  "10936",,: [
    "MsKanda",
    "B018Y229OU"
  ],
  "90439": [
    "RodL",
    "B018Y229OU"
  ],
  "69839": [
    "countrycub",
    "B018Y229OU"
  ],
  "59539": [
    "Jointheir",
    "B018Y229OU"
  ],
  "49239": [
    "dotuser",
    "B018Y229OU"
  ],
  "97842": [
    "mbarker",
    "B018Y229OU"
  ],
  "66942": [
    "Kujayhawks",
    "B018Y229OU"
  ],
  "46342": [
    "Sepiagoddess",
    "B018Y229OU"
  ],
  "15442": [
    "Jewel",
    "B018Y229OU"
  ],
  "5142": [
    "Weaver",
    "B018Y229OU"
  ],
  "94945": [
    "DeeLove37",
    "B018Y229OU"
  ],
  "84645": [
    "Bland2008",
    "B018Y229OU"
  ],
  "33145": [
    "cavmember",
    "B018Y229OU"
  ],
  "61148": [
    "smithmr",
    "B018Y229OU"
  ],
  "50848": [
    "Penda",
    "B018Y229OU"
  ],
  "19948": [
    "Vann",
    "B018Y229OU"
  ],
  "9648": [
    "Lola",
    "B018Y229OU"
  ],
  "58251": [
    "BMoe",
    "B018Y229OU"
  ],
  "47951": [
    "Samuel",
    "B018Y229OU"
  ],
  "37651": [
    "DogLover",
    "B018Y229OU"
  ],
  "27351": [
    "Reasky16",
    "B018Y229OU"
  ],
  "17051": [
    "Anil",
    "B018Y229OU"
  ],
  "96554": [
    "ricardo",
    "B018Y229OU"
  ],
  "75954": [
    "Juanita",
    "B018Y229OU"
  ],
  "45054": [
    "tamnal",
    "B018Y229OU"
  ],
  "24454": [
    "Bunger",
    "B018Y229OU"
  ],
  "14154": [
    "Scarter81",
    "B018Y229OU"
  ],
  "83357": [
    "odest236",
    "B018Y229OU"
  ],
  "42157": [
    "waldo",
    "B018Y229OU"
  ],
  "31857": [
    "713gta5er",
    "B018Y229OU"
  ],
  "90760": [
    "grandchessmaster",
    "B018Y229OU"
  ],
  "80460": [
    "Govind",
    "B018Y229OU"
  ],
  "59860": [
    "rickiebevan",
    "B018Y229OU"
  ],
  "8360": [
    "Eric",
    "B018Y229OU"
  ],
  "98163": [
    "Brynwithau",
    "B018Y229OU"
  ],
  "87863": [
    "GrandmaFromNC",
    "B018Y229OU"
  ]
}
