{
  "10101": [
    "Mikey123456789",
    "B00QFQRELG"
  ],
  "99904": [
    "diamond",
    "B00QFQRELG"
  ],
  "89604": [
    "Pat91",
    "B00QFQRELG"
  ],
  "58704": [
    "Frank",
    "B00QFQRELG"
  ],
  "38104": [
    "LADYD92",
    "B00QFQRELG"
  ],
  "76407": [
    "RobT",
    "B00QFQRELG"
  ],
  "83810": [
    "Iodine",
    "B00QFQRELG"
  ],
  "32310": [
    "Akki",
    "B00QFQRELG"
  ],
  "22010": [
    "STRIPYGOOSE",
    "B00QFQRELG"
  ],
  "1410": [
    "Jk60",
    "B00QFQRELG"
  ],
  "50013": [
    "Donna",
    "B00QFQRELG"
  ],
  "122": [
    "apple21man",
    "B01BH83OOM"
  ],
  "89925": [
    "kaka",
    "B01BH83OOM"
  ],
  "59025": [
    "Charlie",
    "B01BH83OOM"
  ],
  "28125": [
    "Brantin",
    "B01BH83OOM"
  ],
  "7525": [
    "Bamafever78",
    "B01BH83OOM"
  ],
  "66428": [
    "IceisMN612",
    "B01BH83OOM"
  ],
  "42931": [
    "tbistone",
    "B01BH83OOM"
  ],
  "91534": [
    "CarFren",
    "B01BH83OOM"
  ],
  "29734": [
    "In4dfun2",
    "B01BH83OOM"
  ],
  "9134": [
    "Jess",
    "B01BH83OOM"
  ],
  "78337": [
    "7011",
    "B01BH83OOM"
  ],
  "68037": [
    "RonGT",
    "B01BH83OOM"
  ],
  "57737": [
    "Jenn",
    "B01BH83OOM"
  ],
  "37137": [
    "chloe",
    "B01BH83OOM"
  ],
  "26837": [
    "Gardner",
    "B01BH83OOM"
  ],
  "6237": [
    "1234",
    "B01BH83OOM"
  ],
  "65140": [
    "Pannow",
    "B01BH83OOM"
  ],
  "44540": [
    "redluong",
    "B01BH83OOM"
  ],
  "13640": [
    "Gizzard",
    "B01BH83OOM"
  ],
  "72543": [
    "Brianna",
    "B01BH83OOM"
  ],
  "21043": [
    "fatpants",
    "B01BH83OOM"
  ],
  "79946": [
    "Supahfree",
    "B01BH83OOM"
  ],
  "69646": [
    "JayR",
    "B01BH83OOM"
  ],
  "59346": [
    "TatisLexa",
    "B01BH83OOM"
  ],
  "49046": [
    "Jobendab",
    "B01BH83OOM"
  ],
  "28446": [
    "Dirtdiver069",
    "B01BH83OOM"
  ],
  "18146": [
    "Terri",
    "B01BH83OOM"
  ],
  "97649": [
    "TinaV6201",
    "B01BH83OOM"
  ],
  "87349": [
    "Rabah",
    "B01BH83OOM"
  ],
  "77049": [
    "ShaneT",
    "B01BH83OOM"
  ],
  "15249": [
    "Smooze3",
    "B01BH83OOM"
  ],
  "43252": [
    "Langers1234",
    "B01BH83OOM"
  ],
  "2052": [
    "Outofcrayons",
    "B01BH83OOM"
  ],
  "91855": [
    "ShanNick",
    "B01BH83OOM"
  ],
  "71255": [
    "Poppycjb",
    "B01BH83OOM"
  ],
  "40355": [
    "shera624",
    "B01BH83OOM"
  ],
  "19755": [
    "Ralph",
    "B01BH83OOM"
  ],
  "9455": [
    "Karl",
    "B01BH83OOM"
  ],
  "99258": [
    "Nasa",
    "B01BH83OOM"
  ],
  "88958": [
    "Drjim",
    "B01BH83OOM"
  ],
  "68358": [
    "Preacherman",
    "B01BH83OOM"
  ],
  "27158": [
    "MrGGarry",
    "B01BH83OOM"
  ],
  "75761": [
    "Missy",
    "B01BH83OOM"
  ],
  "44861": [
    "TheTravelerRN",
    "B01BH83OOM"
  ],
  "13961": [
    "Grimdad",
    "B01BH83OOM"
  ],
  "3661": [
    "MaverickSmooth",
    "B01BH83OOM"
  ],
  "83164": [
    "Werda64",
    "B01BH83OOM"
  ],
  "28767": [
    "Gee54",
    "B01BH83OOM"
  ],
  "97970": [
    "bossfan",
    "B01BH83OOM"
  ],
  "46470": [
    "cantuc",
    "B01BH83OOM"
  ],
  "15570": [
    "Cable",
    "B01BH83OOM"
  ],
  "5270": [
    "Augustine",
    "B01BH83OOM"
  ],
  "74473": [
    "bigislandwave",
    "B01BH83OOM"
  ],
  "43573": [
    "Timmer",
    "B01BH83OOM"
  ],
  "2373": [
    "mrhockey79",
    "B01BH83OOM"
  ],
  "92176": [
    "techgeek",
    "B01BH83OOM"
  ],
  "50976": [
    "Loretta",
    "B01BH83OOM"
  ],
  "40676": [
    "Beke",
    "B01BH83OOM"
  ],
  "30376": [
    "Dave",
    "B01BH83OOM"
  ],
  "27479": [
    "paul",
    "B01BH83OOM"
  ],
  "6879": [
    "coach3",
    "B01BH83OOM"
  ],
  "76082": [
    "ezze110",
    "B01BH83OOM"
  ],
  "65782": [
    "Lisa",
    "B01BH83OOM"
  ],
  "24582": [
    "Fenn0316",
    "B01BH83OOM"
  ],
  "93785": [
    "MikeG",
    "B01BH83OOM"
  ],
  "83485": [
    "Carbob",
    "B01BH83OOM"
  ],
  "73185": [
    "BigDaddy55",
    "B01BH83OOM"
  ],
  "11385": [
    "Love2Swim",
    "B01BH83OOM"
  ],
  "1085": [
    "Louieg",
    "B01BH83OOM"
  ],
  "80588": [
    "GeorgeO",
    "B01BH83OOM"
  ],
  "49688": [
    "TechGuy",
    "B01BH83OOM"
  ],
  "39388": [
    "rhex",
    "B01BH83OOM"
  ],
  "8488": [
    "sparkles",
    "B01BH83OOM"
  ],
  "98291": [
    "Np71",
    "B01BH83OOM"
  ],
  "87991": [
    "Kenny",
    "B01BH83OOM"
  ],
  "40997": [
    "Abelitonj",
    "B01BH83OOM"
  ],
  "17500": [
    "MISTERT",
    "B01BH83OOM"
  ],
  "66103": [
    "kennyman",
    "B01BH83OOM"
  ],
  "55803": [
    "Susie",
    "B01BH83OOM"
  ],
  "45503": [
    "Bandit",
    "B01BH83OOM"
  ],
  "35203": [
    "Mainesnow",
    "B01BH83OOM"
  ],
  "94106": [
    "Jpsdrivesfast",
    "B01BH83OOM"
  ],
  "73506": [
    "bob2531",
    "B01BH83OOM"
  ],
  "63206": [
    "Meanum",
    "B01BH83OOM"
  ],
  "52906": [
    "grandma",
    "B01BH83OOM"
  ],
  "42606": [
    "Gmama",
    "B01BH83OOM"
  ],
  "22006": [
    "User",
    "B01BH83OOM"
  ],
  "1406": [
    "Luvlymissez16",
    "B01BH83OOM"
  ],
  "80909": [
    "robo",
    "B01BH83OOM"
  ],
  "70609": [
    "Adam",
    "B01BH83OOM"
  ],
  "60309": [
    "Kathy4901",
    "B01BH83OOM"
  ],
  "50009": [
    "tbandit64",
    "B01BH83OOM"
  ],
  "39709": [
    "Dani",
    "B01BH83OOM"
  ],
  "29409": [
    "Brayden",
    "B01BH83OOM"
  ],
  "8809": [
    "Sean",
    "B01BH83OOM"
  ],
  "67712": [
    "Neeko",
    "B01BH83OOM"
  ],
  "57412": [
    "doclee",
    "B01BH83OOM"
  ],
  "47112": [
    "MAVERY11",
    "B01BH83OOM"
  ],
  "36812": [
    "HBSurferMan85",
    "B01BH83OOM"
  ],
  "3015": [
    "AmandaPanda",
    "B01BH83OOM"
  ],
  "59021": [
    "cheeserat",
    "B01BH83OOM"
  ],
  "38421": [
    "Wardog21",
    "B01BH83OOM"
  ],
  "17821": [
    "Alky",
    "B01BH83OOM"
  ],
  "7521": [
    "Webkf1",
    "B01BH83OOM"
  ],
  "45824": [
    "Steve",
    "B01BH83OOM"
  ],
  "84127": [
    "Bubba62",
    "B01BH83OOM"
  ],
  "70930": [
    "Vstorageerich",
    "B01BH83OOM"
  ],
  "29730": [
    "Friend",
    "B01BH83OOM"
  ],
  "19430": [
    "B545",
    "B01BH83OOM"
  ],
  "98933": [
    "Diesel",
    "B01BH83OOM"
  ],
  "37133": [
    "Msvlm05",
    "B01BH83OOM"
  ],
  "6233": [
    "brettdavis4",
    "B01BH83OOM"
  ],
  "85736": [
    "jimbo",
    "B01BH83OOM"
  ],
  "13636": [
    "JOCHE",
    "B01BH83OOM"
  ],
  "3336": [
    "Davesmith82",
    "B01BH83OOM"
  ],
  "72539": [
    "mike",
    "B01BH83OOM"
  ],
  "21039": [
    "shaithus",
    "B01BH83OOM"
  ],
  "439": [
    "Edelenjacob",
    "B01BH83OOM"
  ],
  "59342": [
    "NoTie",
    "B01BH83OOM"
  ],
  "28442": [
    "MzPat",
    "B01BH83OOM"
  ],
  "87345": [
    "MikeNof",
    "B01BH83OOM"
  ],
  "66745": [
    "Toddo",
    "B01BH83OOM"
  ],
  "46145": [
    "Grandma",
    "B01BH83OOM"
  ],
  "4945": [
    "Mike",
    "B01BH83OOM"
  ],
  "94748": [
    "GG13",
    "B01BH83OOM"
  ],
  "12348": [
    "LeeF",
    "B01BH83OOM"
  ],
  "68354": [
    "Coco",
    "B01BH83OOM"
  ],
  "47754": [
    "Mamag",
    "B01BH83OOM"
  ],
  "37454": [
    "Dspeers",
    "B01BH83OOM"
  ],
  "16854": [
    "Caboman",
    "B01BH83OOM"
  ],
  "86057": [
    "opchiasm",
    "B01BH83OOM"
  ],
  "75757": [
    "Alan",
    "B01BH83OOM"
  ],
  "65457": [
    "Sandy",
    "B01BH83OOM"
  ],
  "93460": [
    "Maria",
    "B01BH83OOM"
  ],
  "90563": [
    "romaeeeeee",
    "B01BH83OOM"
  ],
  "69963": [
    "Papa",
    "B01BH83OOM"
  ],
  "28763": [
    "GoPats",
    "B01BH83OOM"
  ],
  "67066": [
    "SCHO",
    "B01BH83OOM"
  ],
  "36166": [
    "Pogera",
    "B01BH83OOM"
  ],
  "95069": [
    "Justme",
    "B01BH83OOM"
  ],
  "12669": [
    "Rick",
    "B01BH83OOM"
  ],
  "81872": [
    "father",
    "B01BH83OOM"
  ],
  "71572": [
    "cdmay69",
    "B01BH83OOM"
  ],
  "50972": [
    "B6W356",
    "B01BH83OOM"
  ],
  "30372": [
    "Jbheels",
    "B01BH83OOM"
  ],
  "89275": [
    "BigToe",
    "B01BH83OOM"
  ],
  "24578": [
    "Kim1223",
    "B01BH83OOM"
  ],
  "14278": [
    "DK10",
    "B01BH83OOM"
  ],
  "73181": [
    "Collygirl",
    "B01BH83OOM"
  ],
  "31981": [
    "dwade39",
    "B01BH83OOM"
  ],
  "1081": [
    "Phobia3000",
    "B01BH83OOM"
  ],
  "80584": [
    "Roger",
    "B01BH83OOM"
  ],
  "70284": [
    "Triman",
    "B01BH83OOM"
  ],
  "39384": [
    "kmshirley",
    "B01BH83OOM"
  ],
  "18784": [
    "Tttt",
    "B01BH83OOM"
  ],
  "2690": [
    "MsCapricorn",
    "B01BH83OOM"
  ],
  "82193": [
    "compaq38",
    "B01BH83OOM"
  ],
  "99896": [
    "Jayrock2",
    "B01BH83OOM"
  ],
  "79296": [
    "eddylaura",
    "B01BH83OOM"
  ],
  "7196": [
    "cedriic",
    "B01BH83OOM"
  ],
  "86699": [
    "DaveGS",
    "B01BH83OOM"
  ],
  "24899": [
    "Scottlyn",
    "B01BH83OOM"
  ],
  "14599": [
    "jacoba",
    "B01BH83OOM"
  ],
  "4299": [
    "Brustman",
    "B01BH83OOM"
  ],
  "39705": [
    "Wgnyfinest",
    "B01BH83OOM"
  ],
  "23611": [
    "Ram2345",
    "B00ZV9PXP2"
  ],
  "92814": [
    "Mawcee",
    "B00ZV9PXP2"
  ],
  "82514": [
    "Rebecca",
    "B00ZV9PXP2"
  ],
  "87020": [
    "Yeah",
    "B0751RGYJV"
  ],
  "56120": [
    "Zigpig",
    "B00IOY8XWQ"
  ],
  "94423": [
    "Arney",
    "B00IOY8XWQ"
  ],
  "84123": [
    "Wonderfrog",
    "B00IOY8XWQ"
  ],
  "32623": [
    "Bluerose",
    "B00IOY8XWQ"
  ],
  "81226": [
    "Asix",
    "B00IOY8XWQ"
  ],
  "29726": [
    "Lisa",
    "B00IOY8XWQ"
  ],
  "19426": [
    "Joanne",
    "B00IOY8XWQ"
  ],
  "9126": [
    "Iceling",
    "B00IOY8XWQ"
  ],
  "98929": [
    "faithanddante",
    "B00IOY8XWQ"
  ],
  "88629": [
    "Jimmy",
    "B00IOY8XWQ"
  ],
  "34232": [
    "Sunny",
    "B00IOY8XWQ"
  ],
  "23932": [
    "PG20",
    "B00IOY8XWQ"
  ],
  "69638": [
    "Freddy",
    "B00IOY8XWQ"
  ],
  "59338": [
    "Jeff",
    "B00IOY8XWQ"
  ],
  "49038": [
    "TechWizFL",
    "B00IOY8XWQ"
  ],
  "28438": [
    "Oldredhead71",
    "B00IOY8XWQ"
  ],
  "56441": [
    "Dave",
    "B00IOY8XWQ"
  ],
  "25541": [
    "Mike1243",
    "B00IOY8XWQ"
  ],
  "74144": [
    "gotair3500",
    "B00IOY8XWQ"
  ],
  "50647": [
    "mickey",
    "B00IOY8XWQ"
  ],
  "40347": [
    "Sacjp4",
    "B00IOY8XWQ"
  ],
  "88950": [
    "SuperRob",
    "B00IOY8XWQ"
  ],
  "68350": [
    "George",
    "B00IOY8XWQ"
  ],
  "37450": [
    "Cheryl266",
    "B00IOY8XWQ"
  ],
  "96353": [
    "Fairoasis",
    "B00IOY8XWQ"
  ],
  "86053": [
    "SMAC",
    "B00IOY8XWQ"
  ],
  "34553": [
    "Roddy",
    "B00IOY8XWQ"
  ],
  "41956": [
    "Anonymous",
    "B00IOY8XWQ"
  ],
  "31656": [
    "Deligal",
    "B00IOY8XWQ"
  ],
  "80259": [
    "Sunn",
    "B00IOY8XWQ"
  ],
  "28759": [
    "Augie",
    "B00IOY8XWQ"
  ],
  "77362": [
    "Mike",
    "B00IOY8XWQ"
  ],
  "15562": [
    "drfish",
    "B00IOY8XWQ"
  ],
  "20068": [
    "Pir8fan",
    "B00IOY8XWQ"
  ],
  "9768": [
    "maxtier",
    "B00IOY8XWQ"
  ],
  "99571": [
    "chalca1971",
    "B00IOY8XWQ"
  ],
  "89271": [
    "David",
    "B00IOY8XWQ"
  ],
  "96674": [
    "wtchhnd",
    "B00IOY8XWQ"
  ],
  "65774": [
    "omers",
    "B00IOY8XWQ"
  ],
  "55474": [
    "Dorene",
    "B00IOY8XWQ"
  ],
  "34874": [
    "Stephanie",
    "B00IOY8XWQ"
  ],
  "93777": [
    "devil",
    "B00IOY8XWQ"
  ],
  "83477": [
    "Firefred78",
    "B00IOY8XWQ"
  ],
  "21677": [
    "4598",
    "B00IOY8XWQ"
  ],
  "11377": [
    "Sliderule",
    "B00IOY8XWQ"
  ],
  "70280": [
    "BruD",
    "B00IOY8XWQ"
  ],
  "95386": [
    "Woodstock",
    "B00IOY8XWQ"
  ],
  "74786": [
    "Jpbb",
    "B00IOY8XWQ"
  ],
  "2686": [
    "Segal",
    "B00IOY8XWQ"
  ],
  "61589": [
    "Walking",
    "B00IOY8XWQ"
  ],
  "51289": [
    "als1",
    "B00IOY8XWQ"
  ],
  "40989": [
    "cwilliams18",
    "B00IOY8XWQ"
  ],
  "79292": [
    "RaleighBB",
    "B00IOY8XWQ"
  ],
  "58692": [
    "aranjan99",
    "B00IOY8XWQ"
  ],
  "17492": [
    "Creede",
    "B00IOY8XWQ"
  ],
  "76395": [
    "Jeanvaljean",
    "B00IOY8XWQ"
  ],
  "35195": [
    "RLab",
    "B00IOY8XWQ"
  ],
  "24895": [
    "jv62",
    "B00IOY8XWQ"
  ],
  "83798": [
    "Edward",
    "B00IOY8XWQ"
  ],
  "29401": [
    "kavery2489",
    "B00IOY8XWQ"
  ],
  "19101": [
    "people",
    "B00IOY8XWQ"
  ],
  "8801": [
    "Iceman77",
    "B00IOY8XWQ"
  ],
  "98604": [
    "Matrick84",
    "B00IOY8XWQ"
  ],
  "67704": [
    "Angel",
    "B00IOY8XWQ"
  ],
  "57404": [
    "SamsungSon",
    "B00IOY8XWQ"
  ],
  "47104": [
    "Mimi",
    "B00IOY8XWQ"
  ],
  "36804": [
    "Itsmegdm",
    "B00IOY8XWQ"
  ],
  "26504": [
    "OFFICE365",
    "B00IOY8XWQ"
  ],
  "16204": [
    "Bolt",
    "B00IOY8XWQ"
  ],
  "75107": [
    "Leroy",
    "B00IOY8XWQ"
  ],
  "51610": [
    "AlSue",
    "B00IOY8XWQ"
  ],
  "10410": [
    "intl",
    "B00IOY8XWQ"
  ],
  "110": [
    "nell",
    "B00IOY8XWQ"
  ],
  "59013": [
    "Dale",
    "B00IOY8XWQ"
  ],
  "28113": [
    "Stuartc",
    "B00IOY8XWQ"
  ],
  "7513": [
    "Earthdog",
    "B00IOY8XWQ"
  ],
  "25216": [
    "tracy",
    "B00IOY8XWQ"
  ],
  "4616": [
    "Moose104",
    "B00IOY8XWQ"
  ],
  "73819": [
    "Mds43",
    "B00IOY8XWQ"
  ],
  "63519": [
    "Rsherma",
    "B00IOY8XWQ"
  ],
  "53219": [
    "BryanC",
    "B00IOY8XWQ"
  ],
  "60622": [
    "abuyer",
    "B00IOY8XWQ"
  ],
  "47425": [
    "pmart",
    "B00IOY8XWQ"
  ],
  "37125": [
    "Bubba",
    "B00IOY8XWQ"
  ],
  "75428": [
    "kcladyz",
    "B00IOY8XWQ"
  ],
  "44528": [
    "jaws916",
    "B00IOY8XWQ"
  ],
  "34228": [
    "chmiss",
    "B00IOY8XWQ"
  ],
  "13628": [
    "cyrbb",
    "B00IOY8XWQ"
  ],
  "3328": [
    "Mastaso",
    "B00IOY8XWQ"
  ],
  "93131": [
    "debi55",
    "B00IOY8XWQ"
  ],
  "97637": [
    "roxxie88",
    "B00IOY8XWQ"
  ],
  "87337": [
    "Devin",
    "B00IOY8XWQ"
  ],
  "94740": [
    "LADYD92",
    "B00IOY8XWQ"
  ],
  "84440": [
    "Kris",
    "B00IOY8XWQ"
  ],
  "81543": [
    "Lasvegasshopper",
    "B00IOY8XWQ"
  ],
  "71243": [
    "Pine",
    "B00IOY8XWQ"
  ],
  "60943": [
    "dwhang",
    "B00IOY8XWQ"
  ],
  "40343": [
    "Jays",
    "B00IOY8XWQ"
  ],
  "19743": [
    "Grace",
    "B00IOY8XWQ"
  ],
  "68346": [
    "avidreader",
    "B00IOY8XWQ"
  ],
  "37446": [
    "Robin",
    "B00IOY8XWQ"
  ],
  "75749": [
    "Guest",
    "B00IOY8XWQ"
  ],
  "44849": [
    "Jjjj",
    "B00IOY8XWQ"
  ],
  "72852": [
    "Tookeno",
    "B00IOY8XWQ"
  ],
  "59655": [
    "Pete",
    "B00IOY8XWQ"
  ],
  "39055": [
    "Heybobby",
    "B00IOY8XWQ"
  ],
  "56758": [
    "baci",
    "B00IOY8XWQ"
  ],
  "36158": [
    "Kindle",
    "B00IOY8XWQ"
  ],
  "74461": [
    "bree",
    "B00IOY8XWQ"
  ],
  "81864": [
    "JTSmith2000",
    "B00IOY8XWQ"
  ],
  "40664": [
    "Jojo",
    "B00IOY8XWQ"
  ],
  "20064": [
    "iporty",
    "B00IOY8XWQ"
  ],
  "9764": [
    "Annie",
    "B00IOY8XWQ"
  ],
  "68667": [
    "Richard",
    "B00IOY8XWQ"
  ],
  "37767": [
    "Bill2002",
    "B00IOY8XWQ"
  ],
  "17167": [
    "thatdude1987",
    "B00IOY8XWQ"
  ],
  "96670": [
    "will",
    "B00IOY8XWQ"
  ],
  "86370": [
    "CDtheCook",
    "B00IOY8XWQ"
  ],
  "76070": [
    "bestbuydeal",
    "B00IOY8XWQ"
  ],
  "65770": [
    "Ozzie",
    "B00IOY8XWQ"
  ],
  "55470": [
    "PopPopPoppingCorn",
    "B00IOY8XWQ"
  ],
  "45170": [
    "Tamousku",
    "B00IOY8XWQ"
  ],
  "24570": [
    "Yoyo",
    "B00IOY8XWQ"
  ],
  "73173": [
    "tbass",
    "B00IOY8XWQ"
  ],
  "21673": [
    "greg",
    "B00IOY8XWQ"
  ],
  "80576": [
    "satxbiker",
    "B00IOY8XWQ"
  ],
  "87979": [
    "raquelladonna",
    "B0752151W6"
  ],
  "57079": [
    "betty",
    "B018Y226XO"
  ],
  "79288": [
    "char4",
    "B018Y226XO"
  ],
  "68988": [
    "Gingyd",
    "B018Y226XO"
  ],
  "96991": [
    "Ampy",
    "B018Y226XO"
  ],
  "45491": [
    "Frank",
    "B018Y226XO"
  ],
  "24891": [
    "Saejosh",
    "B018Y226XO"
  ],
  "14591": [
    "Kate",
    "B018Y226XO"
  ],
  "60297": [
    "satch",
    "B018Y226XO"
  ],
  "31006": [
    "barrytk",
    "B018Y226XO"
  ],
  "69309": [
    "BB8Review",
    "B018Y226XO"
  ],
  "59009": [
    "maryann",
    "B018Y226XO"
  ],
  "87012": [
    "plasmajunkie",
    "B01ACEKAJY"
  ],
  "35512": [
    "TheNote4",
    "B01AHB9CYG"
  ],
  "25212": [
    "TheNote4",
    "B01ACEKAJY"
  ],
  "12015": [
    "Angie",
    "B018Y226XO"
  ],
  "16521": [
    "Dave",
    "B018Y226XO"
  ],
  "96024": [
    "Silentbob",
    "B018Y226XO"
  ],
  "44524": [
    "Bean",
    "B018Y226XO"
  ],
  "13624": [
    "Terry57",
    "B018Y226XO"
  ],
  "41627": [
    "deparisr",
    "B018Y226XO"
  ],
  "31327": [
    "Techmomma",
    "B018Y226XO"
  ],
  "10727": [
    "LoverOfBoop",
    "B018Y226XO"
  ],
  "90230": [
    "Chris",
    "B018Y226XO"
  ],
  "38730": [
    "Skidracing714",
    "B018Y226XO"
  ],
  "77033": [
    "Steelerfan",
    "B018Y226XO"
  ],
  "46133": [
    "Momfromga",
    "B018Y226XO"
  ],
  "25533": [
    "Kids",
    "B018Y226XO"
  ],
  "4933": [
    "Medic127",
    "B018Y226XO"
  ],
  "22636": [
    "freebird",
    "B018Y226XO"
  ],
  "6542": [
    "Azjeff4545",
    "B01AHB9CYG"
  ],
  "96345": [
    "Azjeff4545",
    "B01ACEKAJY"
  ],
  "52248": [
    "Rodina",
    "B018Y226XO"
  ],
  "31648": [
    "cubiebear6",
    "B018Y226XO"
  ],
  "80251": [
    "Grandpa",
    "B018Y226XO"
  ],
  "97954": [
    "jdub",
    "B018Y226XO"
  ],
  "33257": [
    "Gisy",
    "B018Y226XO"
  ],
  "78963": [
    "aaron",
    "B018Y226XO"
  ],
  "14266": [
    "Senthilkumar",
    "B018Y226XO"
  ],
  "3966": [
    "Ellen",
    "B01ACEKAJY"
  ],
  "62869": [
    "Eddie68",
    "B018Y226XO"
  ],
  "49672": [
    "Dinesh",
    "B018Y226XO"
  ],
  "39372": [
    "Williams",
    "B018Y226XO"
  ],
  "57075": [
    "papa",
    "B018Y226XO"
  ],
  "26175": [
    "Boytigas",
    "B018Y226XO"
  ],
  "64478": [
    "mimi",
    "B018Y226XO"
  ],
  "43878": [
    "dobylucky",
    "B018Y226XO"
  ],
  "89584": [
    "moose49",
    "B01ACEKAJY"
  ],
  "17484": [
    "adc86",
    "B018Y226XO"
  ],
  "32290": [
    "parizork",
    "B018Y226XO"
  ],
  "21990": [
    "Happy",
    "B018Y226XO"
  ],
  "80893": [
    "Juligvkm",
    "B018Y226XO"
  ],
  "77996": [
    "Dorothy1940",
    "B018Y226XO"
  ],
  "67696": [
    "EBER",
    "B018Y226XO"
  ],
  "57396": [
    "Manny",
    "B018Y226XO"
  ],
  "5896": [
    "Queenie",
    "B018Y226XO"
  ],
  "85399": [
    "TeachersEyewitnessNews",
    "B018Y226XO"
  ],
  "75099": [
    "johnbestbuy",
    "B018Y226XO"
  ],
  "76708": [
    "Isasmith",
    "B018Y226XO"
  ],
  "42911": [
    "Leaplan",
    "B018Y226XO"
  ],
  "12011": [
    "AverageGamer",
    "B018Y226XO"
  ],
  "1711": [
    "Iowa",
    "B018Y226XO"
  ],
  "47417": [
    "Sheba",
    "B018Y226XO"
  ],
  "79926": [
    "Sall",
    "B018Y226XO"
  ],
  "69626": [
    "TeamTns",
    "B018Y226XO"
  ],
  "59326": [
    "Patti",
    "B018Y226XO"
  ],
  "38726": [
    "Band12",
    "B018Y226XO"
  ],
  "28426": [
    "Shutterbug",
    "B018Y226XO"
  ],
  "97629": [
    "Rylan",
    "B018Y226XO"
  ],
  "35829": [
    "happiness",
    "B018Y226XO"
  ],
  "25529": [
    "kathy",
    "B018Y226XO"
  ],
  "43232": [
    "Tlandis",
    "B018Y226XO"
  ],
  "19735": [
    "watchtimer100",
    "B018Y226XO"
  ],
  "99238": [
    "LindaK",
    "B018Y226XO"
  ],
  "78638": [
    "Elemteach",
    "B018Y226XO"
  ],
  "68338": [
    "Susan",
    "B01AHB9CYG"
  ],
  "58038": [
    "Susan",
    "B01ACEKAJY"
  ],
  "44841": [
    "Goodgame",
    "B018Y226XO"
  ],
  "3641": [
    "JayPeck",
    "B018Y226XO"
  ],
  "18447": [
    "missramsey",
    "B018Y226XO"
  ],
  "8147": [
    "lvmydog",
    "B018Y226XO"
  ],
  "36150": [
    "PopPop",
    "B018Y226XO"
  ],
  "5250": [
    "Tina313",
    "B018Y226XO"
  ],
  "95053": [
    "jpjp",
    "B018Y226XO"
  ],
  "2353": [
    "Dad76",
    "B018Y226XO"
  ],
  "92156": [
    "Andre50",
    "B018Y226XO"
  ],
  "3962": [
    "MARGARET",
    "B01AHB9CYG"
  ],
  "93765": [
    "MARGARET",
    "B01ACEKAJY"
  ],
  "73165": [
    "Minto",
    "B018Y226XO"
  ],
  "62865": [
    "timc",
    "B018Y226XO"
  ],
  "31965": [
    "Horter160",
    "B018Y226XO"
  ],
  "59968": [
    "MGilmer",
    "B018Y226XO"
  ],
  "64474": [
    "Gamer69",
    "B018Y226XO"
  ],
  "12974": [
    "conner2",
    "B018Y226XO"
  ],
  "82177": [
    "Pewdewiepie",
    "B018Y226XO"
  ],
  "89580": [
    "Redbird",
    "B018Y226XO"
  ],
  "96983": [
    "Ivory402",
    "B018Y226XO"
  ],
  "52886": [
    "Abutaha",
    "B018Y226XO"
  ],
  "60289": [
    "Moms",
    "B018Y226XO"
  ],
  "85395": [
    "Mimi",
    "B018Y226XO"
  ],
  "23595": [
    "sween96",
    "B018Y226XO"
  ],
  "2995": [
    "Abel",
    "B018Y226XO"
  ],
  "92798": [
    "Martikel13",
    "B018Y226XO"
  ],
  "72198": [
    "Mamba",
    "B018Y226XO"
  ],
  "4604": [
    "Rdou",
    "B018Y226XO"
  ],
  "73807": [
    "Ooma",
    "B018Y226XO"
  ],
  "1707": [
    "eabemt",
    "B018Y226XO"
  ],
  "41619": [
    "Kazimierz",
    "B018Y226XO"
  ],
  "46125": [
    "Vids09",
    "B018Y226XO"
  ],
  "15225": [
    "ajm957",
    "B018Y226XO"
  ],
  "84428": [
    "Charlie",
    "B018Y226XO"
  ],
  "74128": [
    "Owens",
    "B018Y226XO"
  ],
  "63828": [
    "Pete",
    "B018Y226XO"
  ],
  "2028": [
    "UncleScott",
    "B018Y226XO"
  ],
  "81531": [
    "Penguins77",
    "B018Y226XO"
  ],
  "99234": [
    "Gwyndolyn",
    "B01AHB9CYG"
  ],
  "88934": [
    "Gwyndolyn",
    "B01ACEKAJY"
  ],
  "78634": [
    "Estill",
    "B018Y226XO"
  ],
  "96337": [
    "misterharley",
    "B018Y226XO"
  ],
  "11040": [
    "Susan",
    "B018Y226XO"
  ],
  "53849": [
    "Teagq",
    "B018Y226XO"
  ],
  "43549": [
    "Papa",
    "B018Y226XO"
  ],
  "71552": [
    "paul",
    "B018Y226XO"
  ],
  "9752": [
    "njguy",
    "B018Y226XO"
  ],
  "89255": [
    "Arry",
    "B018Y226XO"
  ],
  "76058": [
    "Allen",
    "B018Y226XO"
  ],
  "14258": [
    "ChrisH",
    "B01AHB9CYG"
  ],
  "3958": [
    "ChrisH",
    "B01ACEKAJY"
  ],
  "62861": [
    "Jimbo",
    "B018Y226XO"
  ],
  "59964": [
    "Cindy",
    "B018Y226XO"
  ],
  "8464": [
    "Apoo",
    "B018Y226XO"
  ],
  "36467": [
    "Julian",
    "B018Y226XO"
  ],
  "33570": [
    "1234",
    "B018Y226XO"
  ],
  "92473": [
    "Grandma",
    "B018Y226XO"
  ],
  "71873": [
    "BassManMN",
    "B018Y226XO"
  ],
  "40973": [
    "dotingoldgrandma",
    "B018Y226XO"
  ],
  "30673": [
    "Sambo",
    "B018Y226XO"
  ],
  "10073": [
    "KumarAbhishek03",
    "B018Y226XO"
  ],
  "89576": [
    "Daman",
    "B018Y226XO"
  ],
  "68976": [
    "Mrawesome",
    "B018Y226XO"
  ],
  "76379": [
    "santa",
    "B018Y226XO"
  ],
  "45479": [
    "Happylife",
    "B018Y226XO"
  ],
  "35179": [
    "Italianqueen33",
    "B018Y226XO"
  ],
  "14579": [
    "cubanbee",
    "B018Y226XO"
  ],
  "63182": [
    "Jrod",
    "B018Y226XO"
  ],
  "32282": [
    "Stillis",
    "B018Y226XO"
  ],
  "21982": [
    "Boymom",
    "B018Y226XO"
  ],
  "75091": [
    "Slikie",
    "B018Y226XO"
  ],
  "23591": [
    "Shannon",
    "B018Y226XO"
  ],
  "92794": [
    "fuji",
    "B018Y226XO"
  ],
  "41294": [
    "DoubleH",
    "B018Y226XO"
  ],
  "10394": [
    "myfit2015",
    "B018Y226XO"
  ],
  "89897": [
    "Jessica",
    "B018Y226XO"
  ],
  "79597": [
    "Blake",
    "B018Y226XO"
  ],
  "35500": [
    "Deb59",
    "B018Y226XO"
  ],
  "14900": [
    "Stan",
    "B018Y226XO"
  ],
  "53203": [
    "vbruss",
    "B018Y226XO"
  ],
  "32603": [
    "Grandmaof12",
    "B018Y226XO"
  ],
  "22303": [
    "tony1872004",
    "B018Y226XO"
  ],
  "19406": [
    "bushwacker",
    "B018Y226XO"
  ],
  "9106": [
    "4MySis",
    "B018Y226XO"
  ],
  "88609": [
    "NICK",
    "B01ACEKAJY"
  ],
  "96012": [
    "CeeCee",
    "B018Y226XO"
  ],
  "85712": [
    "Donnie",
    "B018Y226XO"
  ],
  "54812": [
    "Hope",
    "B018Y226XO"
  ],
  "72515": [
    "maggie",
    "B018Y226XO"
  ],
  "31315": [
    "dwh71",
    "B018Y226XO"
  ],
  "21015": [
    "Sirfern86",
    "B018Y226XO"
  ],
  "28418": [
    "Ana778941352",
    "B018Y226XO"
  ],
  "74124": [
    "MSull44",
    "B018Y226XO"
  ],
  "91827": [
    "Smiley",
    "B018Y226XO"
  ],
  "99230": [
    "Abam1280",
    "B018Y226XO"
  ],
  "78630": [
    "Flipper",
    "B018Y226XO"
  ],
  "68330": [
    "silverbulletss",
    "B018Y226XO"
  ],
  "62536": [
    "ctrtofer",
    "B018Y226XO"
  ],
  "69939": [
    "Josh",
    "B018Y226XO"
  ],
  "84745": [
    "Bamck1949",
    "B018Y226XO"
  ],
  "9748": [
    "Charles",
    "B018Y226XO"
  ],
  "89251": [
    "54035723",
    "B018Y226XO"
  ],
  "65754": [
    "BillyBob",
    "B018Y226XO"
  ],
  "24554": [
    "Freeme",
    "B018Y226XO"
  ],
  "83457": [
    "mygadgets",
    "B018Y226XO"
  ],
  "62857": [
    "Nannyjo",
    "B018Y226XO"
  ],
  "42257": [
    "Dawn",
    "B018Y226XO"
  ],
  "8460": [
    "Theresa",
    "B01AHB9CYG"
  ],
  "98263": [
    "Theresa",
    "B01ACEKAJY"
  ],
  "67363": [
    "Fatman",
    "B018Y226XO"
  ],
  "15863": [
    "HerbGirl",
    "B018Y226XO"
  ],
  "95366": [
    "Ladybug",
    "B018Y226XO"
  ],
  "85066": [
    "Juanita",
    "B018Y226XO"
  ],
  "64466": [
    "yosi",
    "B018Y226XO"
  ],
  "43866": [
    "Mitchell",
    "B018Y226XO"
  ],
  "12966": [
    "Blue",
    "B018Y226XO"
  ],
  "17472": [
    "Madden6777",
    "B01ACEKAJY"
  ],
  "7172": [
    "truman",
    "B01AHB9CN2"
  ],
  "66075": [
    "tklit",
    "B01AHB9CN2"
  ],
  "24875": [
    "RoboBob",
    "B01AHB9CN2"
  ],
  "14575": [
    "tld2",
    "B01AHB9CN2"
  ],
  "94078": [
    "RegE",
    "B01AHB9CN2"
  ],
  "83778": [
    "TommyL",
    "B01AHB9CN2"
  ],
  "73478": [
    "Teacheeor",
    "B01AHB9CN2"
  ],
  "42578": [
    "BestBuyLover",
    "B01AHB9CN2"
  ],
  "32278": [
    "Alane",
    "B01AHB9CN2"
  ],
  "21978": [
    "Mynie",
    "B01AHB9CN2"
  ],
  "60281": [
    "doglover",
    "B01AHB9CN2"
  ],
  "29381": [
    "NIQUE88",
    "B01AHB9CN2"
  ],
  "88284": [
    "Firemedic",
    "B01AHB9CN2"
  ],
  "67684": [
    "rick",
    "B01AHB9CN2"
  ],
  "47084": [
    "Gift",
    "B01AHB9CN2"
  ],
  "26484": [
    "Christine",
    "B01AHB9CN2"
  ],
  "16184": [
    "Dodgerfan1",
    "B01AHB9CN2"
  ],
  "95687": [
    "Rksajw",
    "B01AHB9CN2"
  ],
  "85387": [
    "Stevedb",
    "B01AHB9CN2"
  ],
  "54487": [
    "Legs",
    "B01AHB9CN2"
  ],
  "23587": [
    "auntscrappie",
    "B01AHB9CN2"
  ],
  "2987": [
    "TLMart",
    "B01AHB9CN2"
  ],
  "72190": [
    "Veebee",
    "B01AHB9CN2"
  ],
  "61890": [
    "Richardm1981",
    "B01AHB9CN2"
  ],
  "41290": [
    "Farmboy",
    "B01AHB9CN2"
  ],
  "10390": [
    "katt",
    "B01AHB9CN2"
  ],
  "79593": [
    "Wanoo",
    "B01AHB9CN2"
  ],
  "69293": [
    "JoeAnn",
    "B01AHB9CN2"
  ],
  "58993": [
    "itstamaral",
    "B01AHB9CN2"
  ],
  "48693": [
    "danm",
    "B01AHB9CN2"
  ],
  "7493": [
    "TashaB",
    "B01AHB9CN2"
  ],
  "97296": [
    "Fredbear",
    "B01AHB9CN2"
  ],
  "86996": [
    "Devonna",
    "B01AHB9CN2"
  ],
  "76696": [
    "Andy",
    "B01AHB9CN2"
  ],
  "66396": [
    "Mike",
    "B01AHB9CN2"
  ],
  "56096": [
    "Manny",
    "B01AHB9CN2"
  ],
  "35496": [
    "Dtweeter",
    "B01AHB9CN2"
  ],
  "14896": [
    "Ediddy",
    "B01AHB9CN2"
  ],
  "4596": [
    "Surya",
    "B01AHB9CN2"
  ],
  "81202": [
    "Ebald",
    "B01AHB9CN2"
  ],
  "98905": [
    "JENK201",
    "B01AHB9CN2"
  ],
  "78305": [
    "Blikechrist16",
    "B01AHB9CN2"
  ],
  "6205": [
    "Goldduster",
    "B01AHB9CN2"
  ],
  "96008": [
    "TheBigGuy",
    "B01AHB9CN2"
  ],
  "93111": [
    "jimtech",
    "B01AHB9CN2"
  ],
  "41611": [
    "Buqui",
    "B01AHB9CN2"
  ],
  "10711": [
    "Money",
    "B01AHB9CN2"
  ],
  "90214": [
    "FireHD8Tablet",
    "B01AHB9CN2"
  ],
  "79914": [
    "Kara12",
    "B01AHB9CN2"
  ],
  "69614": [
    "Champ",
    "B01AHB9CN2"
  ],
  "59314": [
    "Mags",
    "B01AHB9CN2"
  ],
  "49014": [
    "Kid7735",
    "B01AHB9CN2"
  ],
  "7814": [
    "Epoks",
    "B01AHB9CN2"
  ],
  "77017": [
    "yagga",
    "B01AHB9CN2"
  ],
  "25517": [
    "Figgy51",
    "B01AHB9CN2"
  ],
  "15217": [
    "Chris",
    "B01AHB9CN2"
  ],
  "12320": [
    "Evo24",
    "B01AHB9CN2"
  ],
  "2020": [
    "Sail1",
    "B01AHB9CN2"
  ],
  "60923": [
    "Frumius",
    "B01AHB9CN2"
  ],
  "30023": [
    "Orion8881118",
    "B01AHB9CN2"
  ],
  "19723": [
    "Ravi",
    "B01AHB9CN2"
  ],
  "99226": [
    "Abriryan",
    "B01AHB9CN2"
  ],
  "78626": [
    "Mijenx",
    "B01AHB9CN2"
  ],
  "68326": [
    "Apple",
    "B01AHB9CN2"
  ],
  "58026": [
    "juice",
    "B01AHB9CN2"
  ],
  "37426": [
    "mjcooke32",
    "B01AHB9CN2"
  ],
  "96329": [
    "Spider",
    "B01AHB9CN2"
  ],
  "75729": [
    "Lvangel10",
    "B01AHB9CN2"
  ],
  "65429": [
    "daspawn1",
    "B01AHB9CN2"
  ],
  "55129": [
    "Mom2twinsplus1",
    "B01AHB9CN2"
  ],
  "13929": [
    "Slydawg",
    "B01AHB9CN2"
  ],
  "3629": [
    "Kml001983",
    "B01AHB9CN2"
  ],
  "93432": [
    "Bubba",
    "B01AHB9CN2"
  ],
  "83132": [
    "Samantha",
    "B01AHB9CN2"
  ],
  "72832": [
    "Truckowner",
    "B01AHB9CN2"
  ],
  "21332": [
    "voltman",
    "B01AHB9CN2"
  ],
  "11032": [
    "Blonger",
    "B01AHB9CN2"
  ],
  "59635": [
    "sotired",
    "B01AHB9CN2"
  ],
  "39035": [
    "klthor",
    "B01AHB9CN2"
  ],
  "8135": [
    "Fifa12machine",
    "B01AHB9CN2"
  ],
  "87638": [
    "Slystone36",
    "B01AHB9CN2"
  ],
  "67038": [
    "ilmaestro",
    "B01AHB9CN2"
  ],
  "36138": [
    "sreekanth",
    "B01AHB9CN2"
  ],
  "25838": [
    "Rich",
    "B01AHB9CN2"
  ],
  "15538": [
    "Bangle78",
    "B01AHB9CN2"
  ],
  "5238": [
    "Momstreets",
    "B01AHB9CN2"
  ],
  "74441": [
    "Tabby",
    "B01AHB9CN2"
  ],
  "64141": [
    "Susie",
    "B01AHB9CN2"
  ],
  "53841": [
    "frank",
    "B01AHB9CN2"
  ],
  "33241": [
    "blargh22",
    "B01AHB9CN2"
  ],
  "2341": [
    "HondaVtec",
    "B01AHB9CN2"
  ],
  "81844": [
    "hotleggs",
    "B01AHB9CN2"
  ],
  "71544": [
    "Julian",
    "B01AHB9CN2"
  ],
  "40644": [
    "Roge",
    "B01AHB9CN2"
  ],
  "30344": [
    "Jonnya",
    "B01AHB9CN2"
  ],
  "9744": [
    "mcfry",
    "B01AHB9CN2"
  ],
  "89247": [
    "Mikikami",
    "B01AHB9CN2"
  ],
  "48047": [
    "Sweet17",
    "B01AHB9CN2"
  ],
  "76050": [
    "Vince",
    "B01AHB9CN2"
  ],
  "65750": [
    "Phonemannn",
    "B01AHB9CN2"
  ],
  "34850": [
    "Yash",
    "B01AHB9CN2"
  ],
  "62853": [
    "Nater",
    "B01AHB9CN2"
  ],
  "42253": [
    "dennislwalker",
    "B01AHB9CN2"
  ],
  "59956": [
    "Catdaddy",
    "B01AHB9CN2"
  ],
  "49656": [
    "Stephanie95",
    "B01AHB9CN2"
  ],
  "39356": [
    "DiDi",
    "B01AHB9CN2"
  ],
  "18756": [
    "TAT4",
    "B01AHB9CN2"
  ],
  "77659": [
    "Xavi67",
    "B01AHB9CN2"
  ],
  "46759": [
    "Hello1",
    "B01AHB9CN2"
  ],
  "36459": [
    "JimmyC72",
    "B01AHB9CN2"
  ],
  "26159": [
    "notonfire1",
    "B01AHB9CN2"
  ],
  "95362": [
    "AMFJR",
    "B01AHB9CN2"
  ],
  "85062": [
    "GREAT",
    "B01AHB9CN2"
  ],
  "64462": [
    "kosch11",
    "B01AHB9CN2"
  ],
  "43862": [
    "JCFTJ",
    "B01AHB9CN2"
  ],
  "23262": [
    "craig",
    "B01AHB9CN2"
  ],
  "92465": [
    "Sadiee",
    "B01AHB9CN2"
  ],
  "71865": [
    "Grey",
    "B01AHB9CN2"
  ],
  "20365": [
    "mike",
    "B01AHB9CN2"
  ],
  "10065": [
    "Christian",
    "B01AHB9CN2"
  ],
  "79268": [
    "hailey",
    "B01AHB9CN2"
  ],
  "27768": [
    "Jimbo",
    "B01AHB9CN2"
  ],
  "96971": [
    "Nelee2",
    "B01AHB9CN2"
  ],
  "45471": [
    "APDavid",
    "B01AHB9CN2"
  ],
  "14571": [
    "Bluedog101",
    "B01AHB9CN2"
  ],
  "94074": [
    "RICKCROW",
    "B01AHB9CN2"
  ],
  "83774": [
    "Edie",
    "B01AHB9CN2"
  ],
  "52874": [
    "Somdguy",
    "B01AHB9CN2"
  ],
  "42574": [
    "jules",
    "B01AHB9CN2"
  ],
  "70577": [
    "Syntfyd",
    "B01AHB9CN2"
  ],
  "60277": [
    "Crafty",
    "B01AHB9CN2"
  ],
  "98580": [
    "April",
    "B01AHB9CN2"
  ],
  "57380": [
    "kokirios77",
    "B01AHB9CN2"
  ],
  "36780": [
    "Ballernova",
    "B01AHB9CN2"
  ],
  "26480": [
    "gloutfita",
    "B01AHB9CN2"
  ],
  "54483": [
    "Mark19525",
    "B01AHB9CN2"
  ],
  "33883": [
    "Fogue",
    "B01AHB9CN2"
  ],
  "23583": [
    "sally",
    "B01AHB9CN2"
  ],
  "92786": [
    "Lumpy",
    "B01AHB9CN2"
  ],
  "72186": [
    "fungus42",
    "B01AHB9CN2"
  ],
  "51586": [
    "Kitkat",
    "B01AHB9CN2"
  ],
  "41286": [
    "Quiilter",
    "B01AHB9CN2"
  ],
  "89889": [
    "Obeliahubbard10",
    "B01AHB9CN2"
  ],
  "79589": [
    "Paul",
    "B01AHB9CN2"
  ],
  "48689": [
    "AJ9999",
    "B01AHB9CN2"
  ],
  "66392": [
    "Style",
    "B01AHB9CN2"
  ],
  "25192": [
    "Lionking",
    "B01AHB9CN2"
  ],
  "84095": [
    "Zoom",
    "B01AHB9CN2"
  ],
  "42895": [
    "notsolittlesnake",
    "B01AHB9CN2"
  ],
  "11995": [
    "Safetydude",
    "B01AHB9CN2"
  ],
  "81198": [
    "njguy",
    "B01AHB9CN2"
  ],
  "9098": [
    "adedios",
    "B01AHB9CN2"
  ],
  "88601": [
    "rob61",
    "B01AHB9CN2"
  ],
  "47401": [
    "kristijudy",
    "B01AHB9CN2"
  ],
  "26801": [
    "Krystinm",
    "B01AHB9CN2"
  ],
  "96004": [
    "evan",
    "B01AHB9CN2"
  ],
  "65104": [
    "verybusymom3",
    "B01AHB9CN2"
  ],
  "34204": [
    "Whiz",
    "B01AHB9CN2"
  ],
  "82807": [
    "gdallen58",
    "B01AHB9CN2"
  ],
  "31307": [
    "Sparky",
    "B01AHB9CN2"
  ],
  "10707": [
    "Armyacu",
    "B01AHB9CN2"
  ],
  "69610": [
    "Jojo",
    "B01AHB9CN2"
  ],
  "38710": [
    "Belle",
    "B01AHB9CN2"
  ],
  "56413": [
    "Rolanddet",
    "B01AHB9CN2"
  ],
  "35813": [
    "Papi2000",
    "B01AHB9CN2"
  ],
  "25513": [
    "Acmw",
    "B01AHB9CN2"
  ],
  "15213": [
    "microwave",
    "B01AHB9CN2"
  ],
  "4913": [
    "Mamaw",
    "B01AHB9CN2"
  ],
  "63816": [
    "Panther",
    "B01AHB9CN2"
  ],
  "91819": [
    "austin512",
    "B01AHB9CN2"
  ],
  "81519": [
    "Itsy",
    "B01AHB9CN2"
  ],
  "40319": [
    "Cheryl",
    "B01AHB9CN2"
  ],
  "99222": [
    "AJ10",
    "B01AHB9CN2"
  ],
  "68322": [
    "Zach",
    "B01AHB9CN2"
  ],
  "47722": [
    "HFCU",
    "B01AHB9CN2"
  ],
  "27122": [
    "techy",
    "B01AHB9CN2"
  ],
  "16822": [
    "slash",
    "B01AHB9CN2"
  ],
  "86025": [
    "anil",
    "B01AHB9CN2"
  ],
  "55125": [
    "maintenance",
    "B01AHB9CN2"
  ],
  "13925": [
    "aiti",
    "B01AHB9CN2"
  ],
  "93428": [
    "Omak",
    "B01AHB9CN2"
  ],
  "52228": [
    "greeneyes",
    "B01AHB9CN2"
  ],
  "21328": [
    "TACO",
    "B01AHB9CN2"
  ],
  "11028": [
    "grandpa",
    "B01AHB9CN2"
  ],
  "728": [
    "BestBuyMember",
    "B01AHB9CN2"
  ],
  "69931": [
    "Sweetestnurse",
    "B01AHB9CN2"
  ],
  "28731": [
    "rcuti",
    "B01AHB9CN2"
  ],
  "97934": [
    "Mavsfan09",
    "B01AHB9CN2"
  ],
  "87634": [
    "Kari93",
    "B01AHB9CN2"
  ],
  "46434": [
    "Hnterzexwife",
    "B01AHB9CN2"
  ],
  "25834": [
    "Bearman",
    "B01AHB9CN2"
  ],
  "84737": [
    "Mia1",
    "B01AHB9CN2"
  ],
  "53837": [
    "winstonsdad",
    "B01AHB9CN2"
  ],
  "92140": [
    "MARCUS",
    "B01AHB9CN2"
  ],
  "81840": [
    "Vinay",
    "B01AHB9CN2"
  ],
  "71540": [
    "GGinBC",
    "B01AHB9CN2"
  ],
  "50940": [
    "Deanna58",
    "B01AHB9CN2"
  ],
  "30340": [
    "AngieB",
    "B01AHB9CN2"
  ],
  "9740": [
    "Gigi",
    "B01AHB9CN2"
  ],
  "89243": [
    "Kingjames1",
    "B01AHB9CN2"
  ],
  "78943": [
    "Randy2",
    "B01AHB9CN2"
  ],
  "96646": [
    "SamD",
    "B01AHB9CN2"
  ],
  "45146": [
    "Gram",
    "B01AHB9CN2"
  ],
  "24546": [
    "lindee",
    "B01AHB9CN2"
  ],
  "3946": [
    "Melmomof3",
    "B01AHB9CN2"
  ],
  "93749": [
    "DCMack",
    "B01AHB9CN2"
  ],
  "62849": [
    "barbie54",
    "B01AHB9CN2"
  ],
  "52549": [
    "Jwolfgr",
    "B01AHB9CN2"
  ],
  "42249": [
    "Xiitz",
    "B01AHB9CN2"
  ],
  "70252": [
    "tre48",
    "B01AHB9CN2"
  ],
  "59952": [
    "Miller",
    "B01AHB9CN2"
  ],
  "8452": [
    "Zumbaqueen",
    "B01AHB9CN2"
  ],
  "87955": [
    "LoveBestBuy",
    "B01AHB9CN2"
  ],
  "15855": [
    "johnbestbuy",
    "B01AHB9CN2"
  ],
  "95358": [
    "Themetedun",
    "B01AHB9CN2"
  ],
  "92461": [
    "Klburg",
    "B01AHB9CN2"
  ],
  "71861": [
    "Jerry",
    "B01AHB9CN2"
  ],
  "10061": [
    "1191946",
    "B01AHB9CN2"
  ],
  "99864": [
    "Sonny",
    "B01AHB9CN2"
  ],
  "89564": [
    "Rick",
    "B01AHB9CN2"
  ],
  "79264": [
    "Alf56",
    "B01AHB9CN2"
  ],
  "58664": [
    "Dsirman",
    "B01AHB9CN2"
  ],
  "38064": [
    "gem3390",
    "B01AHB9CN2"
  ],
  "27764": [
    "grammys",
    "B01AHB9CN2"
  ],
  "7164": [
    "Vikas",
    "B01AHB9CN2"
  ],
  "86667": [
    "butterfky",
    "B01AHB9CN2"
  ],
  "76367": [
    "Pat76",
    "B01AHB9CN2"
  ],
  "4267": [
    "jerbear",
    "B01AHB9CN2"
  ],
  "94070": [
    "Scott",
    "B01AHB9CN2"
  ],
  "42570": [
    "jedivang",
    "B01AHB9CN2"
  ],
  "1370": [
    "DaveGr",
    "B01AHB9CN2"
  ],
  "60273": [
    "pancho",
    "B01AHB9CN2"
  ],
  "8773": [
    "Debbie",
    "B01AHB9CN2"
  ],
  "36776": [
    "jack",
    "B01AHB9CN2"
  ],
  "95679": [
    "RayAraya",
    "B01AHB9CN2"
  ],
  "85379": [
    "Fidget821",
    "B01AHB9CN2"
  ],
  "64779": [
    "mook",
    "B01AHB9CN2"
  ],
  "54479": [
    "Becky",
    "B01AHB9CN2"
  ],
  "33879": [
    "Andrew",
    "B01AHB9CN2"
  ],
  "92782": [
    "Ydg73",
    "B01AHB9CN2"
  ],
  "61882": [
    "Mort1969",
    "B01AHB9CN2"
  ],
  "20682": [
    "bmtmomma",
    "B01AHB9CN2"
  ],
  "82": [
    "KKLORRAINE",
    "B01AHB9CN2"
  ],
  "79585": [
    "Jasmine92",
    "B01AHB9CN2"
  ],
  "17785": [
    "Ieshia1015",
    "B01AHB9CN2"
  ],
  "97288": [
    "RKK5",
    "B01AHB9CN2"
  ],
  "66388": [
    "JimB88",
    "B01AHB9CN2"
  ],
  "56088": [
    "Gadget",
    "B01AHB9CN2"
  ],
  "94391": [
    "Preeb",
    "B01AHB9CN2"
  ],
  "42891": [
    "LADYSPIRIT1956",
    "B01AHB9CN2"
  ],
  "81194": [
    "Zoey",
    "B01AHB9CN2"
  ],
  "70894": [
    "Shadyshaw",
    "B01AHB9CN2"
  ],
  "39994": [
    "dave",
    "B01AHB9CN2"
  ],
  "29694": [
    "kxdgal",
    "B01AHB9CN2"
  ],
  "19394": [
    "kev723",
    "B01AHB9CN2"
  ],
  "9094": [
    "Esch",
    "B01AHB9CN2"
  ],
  "98897": [
    "Brathead",
    "B01AHB9CN2"
  ],
  "67997": [
    "Dewy",
    "B01AHB9CN2"
  ],
  "57697": [
    "Sully",
    "B01AHB9CN2"
  ],
  "16497": [
    "Farmers",
    "B01AHB9CN2"
  ],
  "75400": [
    "Manhuman",
    "B01AHB9CN2"
  ],
  "23900": [
    "Lady",
    "B01AHB9CN2"
  ],
  "3300": [
    "Terri",
    "B01AHB9CN2"
  ],
  "72503": [
    "Raiderlouie",
    "B01AHB9CN2"
  ],
  "62203": [
    "Locomotiveman",
    "B01AHB9CN2"
  ],
  "41603": [
    "monkey",
    "B01AHB9CN2"
  ],
  "79906": [
    "Havingfunwithmytablet2017",
    "B01AHB9CN2"
  ],
  "69606": [
    "Michael",
    "B01AHB9CN2"
  ],
  "59306": [
    "Dave",
    "B01AHB9CN2"
  ],
  "28406": [
    "D7A8",
    "B01AHB9CN2"
  ],
  "97609": [
    "Roger",
    "B01AHB9CN2"
  ],
  "87309": [
    "Donnaktz1956",
    "B01AHB9CN2"
  ],
  "56409": [
    "BlackMoon",
    "B01AHB9CN2"
  ],
  "46109": [
    "Impressed",
    "B01AHB9CN2"
  ],
  "35809": [
    "DeeM",
    "B01AHB9CN2"
  ],
  "4909": [
    "SCOTT",
    "B01AHB9CN2"
  ],
  "60915": [
    "Alexcast01",
    "B01AHB9CN2"
  ],
  "30015": [
    "Four",
    "B01AHB9CN2"
  ],
  "88918": [
    "Curlygirl",
    "B01AHB9CN2"
  ],
  "68318": [
    "Zman4379",
    "B01AHB9CN2"
  ],
  "47718": [
    "Payppayp",
    "B01AHB9CN2"
  ],
  "27118": [
    "Sheri",
    "B01AHB9CN2"
  ],
  "16818": [
    "DanB",
    "B01AHB9CN2"
  ],
  "96321": [
    "DARREN",
    "B01AHB9CN2"
  ],
  "65421": [
    "Notsotechie",
    "B01AHB9CN2"
  ],
  "44821": [
    "Trav",
    "B01AHB9CN2"
  ],
  "34521": [
    "Al111",
    "B01AHB9CN2"
  ],
  "13921": [
    "Gemszky",
    "B01AHB9CN2"
  ],
  "3621": [
    "Ewilks",
    "B01AHB9CN2"
  ],
  "83124": [
    "Jedi67",
    "B01AHB9CN2"
  ],
  "62524": [
    "Sassy",
    "B01AHB9CN2"
  ],
  "52224": [
    "Djoyner",
    "B01AHB9CN2"
  ],
  "41924": [
    "kjella",
    "B01AHB9CN2"
  ],
  "31624": [
    "Kevinredd",
    "B01AHB9CN2"
  ],
  "724": [
    "Mike77",
    "B01AHB9CN2"
  ],
  "39027": [
    "DC74",
    "B01AHB9CN2"
  ],
  "28727": [
    "Steve",
    "B01AHB9CN2"
  ],
  "8127": [
    "Oz2014",
    "B01AHB9CN2"
  ],
  "87630": [
    "Justin",
    "B01AHB9CN2"
  ],
  "77330": [
    "Doctros",
    "B01AHB9CN2"
  ],
  "67030": [
    "Siv121",
    "B01AHB9CN2"
  ],
  "46430": [
    "Jay2017",
    "B01AHB9CN2"
  ],
  "84733": [
    "Carole",
    "B01AHB9CN2"
  ],
  "53833": [
    "Newdaze",
    "B01AHB9CN2"
  ],
  "12633": [
    "Eswole",
    "B01AHB9CN2"
  ],
  "92136": [
    "Kevdguy",
    "B01AHB9CN2"
  ],
  "61236": [
    "MAT2565",
    "B01AHB9CN2"
  ],
  "20036": [
    "nanny",
    "B01AHB9CN2"
  ],
  "9736": [
    "4shopper",
    "B01AHB9CN2"
  ],
  "78939": [
    "XrayDuke",
    "B01AHB9CN2"
  ],
  "27439": [
    "ant12",
    "B01AHB9CN2"
  ],
  "86342": [
    "Sgw4k",
    "B01AHB9CN2"
  ],
  "45142": [
    "WdCav",
    "B01AHB9CN2"
  ],
  "83445": [
    "David",
    "B01AHB9CN2"
  ],
  "73145": [
    "Dana",
    "B01AHB9CN2"
  ],
  "42245": [
    "dan1",
    "B01AHB9CN2"
  ],
  "90848": [
    "Slim",
    "B01AHB9CN2"
  ],
  "80548": [
    "Albu",
    "B01AHB9CN2"
  ],
  "70248": [
    "Richie",
    "B01AHB9CN2"
  ],
  "49648": [
    "cdenae25",
    "B01AHB9CN2"
  ],
  "39348": [
    "Woodzy",
    "B01AHB9CN2"
  ],
  "8448": [
    "Robert",
    "B01AHB9CN2"
  ],
  "98251": [
    "Nana",
    "B01AHB9CN2"
  ],
  "87951": [
    "Thoritz",
    "B01AHB9CN2"
  ],
  "74754": [
    "Carlos",
    "B01AHB9CN2"
  ],
  "43854": [
    "lens",
    "B01AHB9CN2"
  ],
  "23254": [
    "John",
    "B01AHB9CN2"
  ],
  "12954": [
    "Thedoc",
    "B01AHB9CN2"
  ],
  "71857": [
    "Jays",
    "B01AHB9CN2"
  ],
  "61557": [
    "REBL72",
    "B01AHB9CN2"
  ],
  "10057": [
    "steve",
    "B01AHB9CN2"
  ],
  "68960": [
    "Anteamma",
    "B01AHB9CN2"
  ],
  "58660": [
    "Wife",
    "B01AHB9CN2"
  ],
  "38060": [
    "sayhi2yamuda4me",
    "B01AHB9CN2"
  ],
  "27760": [
    "mimmo",
    "B01AHB9CN2"
  ],
  "7160": [
    "dandandan",
    "B01AHB9CN2"
  ],
  "86663": [
    "ttom",
    "B01AHB9CN2"
  ],
  "76363": [
    "DARREN1",
    "B01AHB9CN2"
  ],
  "66063": [
    "Aces",
    "B01AHB9CN2"
  ],
  "55763": [
    "funlewis",
    "B01AHB9CN2"
  ],
  "60269": [
    "judr",
    "B01AHB9CN2"
  ],
  "8769": [
    "Bartig69",
    "B01AHB9CN2"
  ],
  "77972": [
    "KindleUser",
    "B01AHB9CN2"
  ],
  "5872": [
    "Drummer2008",
    "B01AHB9CN2"
  ],
  "54475": [
    "Hayden",
    "B01AHB9CN2"
  ],
  "23575": [
    "Herb",
    "B01AHB9CN2"
  ],
  "72178": [
    "Frankie",
    "B01AHB9CN2"
  ],
  "51578": [
    "Eicfi",
    "B01AHB9CN2"
  ],
  "41278": [
    "LoungeLizard",
    "B01AHB9CN2"
  ],
  "30978": [
    "Yocibby",
    "B01AHB9CN2"
  ],
  "20678": [
    "markbo52",
    "B01AHB9CN2"
  ],
  "89881": [
    "Mandy2016",
    "B01AHB9CN2"
  ],
  "79581": [
    "Tina",
    "B01AHB9CN2"
  ],
  "69281": [
    "sAris",
    "B01AHB9CN2"
  ],
  "97284": [
    "Mikey",
    "B01AHB9CN2"
  ],
  "76684": [
    "MeenaSai",
    "B01AHB9CN2"
  ],
  "56084": [
    "jdeso",
    "B01AHB9CN2"
  ],
  "14884": [
    "oldandretired",
    "B01AHB9CN2"
  ],
  "63487": [
    "Julandry",
    "B01AHB9CN2"
  ],
  "42887": [
    "Berta",
    "B01AHB9CN2"
  ],
  "22287": [
    "genius",
    "B01AHB9CN2"
  ],
  "1687": [
    "sportsmom5",
    "B01AHB9CN2"
  ],
  "60590": [
    "kgold",
    "B01AHB9CN2"
  ],
  "9090": [
    "sjmnemm",
    "B01AHB9CN2"
  ],
  "98893": [
    "James",
    "B01AHB9CN2"
  ],
  "54796": [
    "BigDaddyDan",
    "B01AHB9CN2"
  ],
  "44496": [
    "Satisfiedcustomer2016",
    "B01AHB9CN2"
  ],
  "34196": [
    "runtsky",
    "B01AHB9CN2"
  ],
  "82799": [
    "Patrick",
    "B01AHB9CN2"
  ],
  "69602": [
    "MJ74",
    "B01AHB9CN2"
  ],
  "97605": [
    "Lexiplexxxxxi",
    "B01AHB9CN2"
  ],
  "15205": [
    "Lane",
    "B01AHB9CN2"
  ],
  "84408": [
    "dutch",
    "B01AHB9CN2"
  ],
  "43208": [
    "floyd",
    "B01AHB9CN2"
  ],
  "32908": [
    "RagsNJ",
    "B01AHB9CN2"
  ],
  "22608": [
    "00Gambler",
    "B01AHB9CN2"
  ],
  "2008": [
    "EDstav",
    "B01AHB9CN2"
  ],
  "91811": [
    "Morgy",
    "B01AHB9CN2"
  ],
  "71211": [
    "pops",
    "B01AHB9CN2"
  ],
  "50611": [
    "Hillpark",
    "B01AHB9CN2"
  ],
  "68314": [
    "Toryn",
    "B01AHB9CN2"
  ],
  "58014": [
    "ldouglas",
    "B01AHB9CN2"
  ],
  "6514": [
    "tukstr",
    "B01AHB9CN2"
  ],
  "96317": [
    "Steven",
    "B01AHB9CN2"
  ],
  "86017": [
    "Pauyjuan",
    "B01AHB9CN2"
  ],
  "55117": [
    "john1509",
    "B01AHB9CN2"
  ],
  "34517": [
    "Butch",
    "B01AHB9CN2"
  ],
  "24217": [
    "stumpy",
    "B01AHB9CN2"
  ],
  "62520": [
    "andreselrey112",
    "B01AHB9CN2"
  ],
  "52220": [
    "ucantcme69",
    "B01AHB9CN2"
  ],
  "97926": [
    "Brianna",
    "B01AHB9CN2"
  ],
  "77326": [
    "skippy",
    "B01AHB9CN2"
  ],
  "5226": [
    "Avery",
    "B01AHB9CN2"
  ],
  "43529": [
    "talkagain",
    "B01AHB9CN2"
  ],
  "71532": [
    "Eileen",
    "B01AHB9CN2"
  ],
  "50932": [
    "Littlebit",
    "B01AHB9CN2"
  ],
  "40632": [
    "lpgonn",
    "B01AHB9CN2"
  ],
  "30332": [
    "Best5280",
    "B01AHB9CN2"
  ],
  "20032": [
    "deke",
    "B01AHB9CN2"
  ],
  "89235": [
    "Joel",
    "B01AHB9CN2"
  ],
  "78935": [
    "GolfQueen",
    "B01AHB9CN2"
  ],
  "68635": [
    "flower",
    "B01AHB9CN2"
  ],
  "48035": [
    "DB11",
    "B01AHB9CN2"
  ],
  "37735": [
    "Garymc",
    "B01AHB9CN2"
  ],
  "6835": [
    "Mzmaria",
    "B01AHB9CN2"
  ],
  "86338": [
    "Jaghla",
    "B01AHB9CN2"
  ],
  "34838": [
    "Kaydee",
    "B01AHB9CN2"
  ],
  "24538": [
    "buddah1",
    "B01AHB9CN2"
  ],
  "14238": [
    "Mikeh",
    "B01AHB9CN2"
  ],
  "52541": [
    "North0529",
    "B01AHB9CN2"
  ],
  "42241": [
    "Hargrave",
    "B01AHB9CN2"
  ],
  "31941": [
    "Mika",
    "B01AHB9CN2"
  ],
  "21641": [
    "Ladywifehartke",
    "B01AHB9CN2"
  ],
  "1041": [
    "My3sons",
    "B01AHB9CN2"
  ],
  "59944": [
    "rvweidie",
    "B01AHB9CN2"
  ],
  "18744": [
    "Pdravens",
    "B01AHB9CN2"
  ],
  "87947": [
    "Catheyz34",
    "B01AHB9CN2"
  ],
  "46747": [
    "alderave1",
    "B01AHB9CN2"
  ],
  "74750": [
    "Melissa",
    "B01AHB9CN2"
  ],
  "64450": [
    "1098",
    "B01AHB9CN2"
  ],
  "92453": [
    "Eric",
    "B01AHB9CN2"
  ],
  "20353": [
    "chk940",
    "B01AHB9CN2"
  ],
  "89556": [
    "Judy",
    "B01AHB9CN2"
  ],
  "58656": [
    "Melvin68",
    "B01AHB9CN2"
  ],
  "38056": [
    "Joan68",
    "B01AHB9CN2"
  ],
  "7156": [
    "MTR81",
    "B01AHB9CN2"
  ],
  "45459": [
    "DomDTen",
    "B01AHB9CN2"
  ],
  "35159": [
    "ochy",
    "B01AHB9CN2"
  ],
  "83762": [
    "Goofy",
    "B01AHB9CN2"
  ],
  "21962": [
    "Rdog18",
    "B01AHB9CN2"
  ],
  "11662": [
    "mydaycare",
    "B01AHB9CN2"
  ],
  "80865": [
    "jrcfh",
    "B01AHB9CN2"
  ],
  "70565": [
    "jawz",
    "B01AHB9CN2"
  ],
  "49965": [
    "Edub71",
    "B01AHB9CN2"
  ],
  "98568": [
    "Diva",
    "B01AHB9CN2"
  ],
  "77968": [
    "Drestick",
    "B01AHB9CN2"
  ],
  "36768": [
    "AmjadB",
    "B01AHB9CN2"
  ],
  "16168": [
    "huskers95",
    "B01AHB9CN2"
  ],
  "5868": [
    "YogaUser",
    "B01AHB9CN2"
  ],
  "85371": [
    "Pddude",
    "B01AHB9CN2"
  ],
  "75071": [
    "gf007",
    "B01AHB9CN2"
  ],
  "54471": [
    "loug",
    "B01AHB9CN2"
  ],
  "82474": [
    "mandy",
    "B01AHB9CN2"
  ],
  "72174": [
    "Kiya",
    "B01AHB9CN2"
  ],
  "10374": [
    "chuck",
    "B01AHB9CN2"
  ],
  "74": [
    "Wayne",
    "B01AHB9CN2"
  ],
  "89877": [
    "Jim000",
    "B01AHB9CN2"
  ],
  "69277": [
    "Jason",
    "B01AHB9CN2"
  ],
  "48677": [
    "galg",
    "B01AHB9CN2"
  ],
  "76680": [
    "Patches",
    "B01AHB9CN2"
  ],
  "56080": [
    "mikey8275",
    "B01AHB9CN2"
  ],
  "35480": [
    "Cassie",
    "B01AHB9CN2"
  ],
  "25180": [
    "Socks1971",
    "B01AHB9CN2"
  ],
  "94383": [
    "Hicks",
    "B01AHB9CN2"
  ],
  "84083": [
    "Babycakez",
    "B01AHB9CN2"
  ],
  "63483": [
    "txchauffeurmom",
    "B01AHB9CN2"
  ],
  "42883": [
    "Mermaid",
    "B01AHB9CN2"
  ],
  "11983": [
    "besttobuy",
    "B01AHB9CN2"
  ],
  "91486": [
    "usmc",
    "B01AHB9CN2"
  ],
  "39986": [
    "joeshrub",
    "B01AHB9CN2"
  ],
  "9086": [
    "Yoli",
    "B01AHB9CN2"
  ],
  "88589": [
    "Danaw",
    "B01AHB9CN2"
  ],
  "78289": [
    "Nattysimps",
    "B01AHB9CN2"
  ],
  "67989": [
    "Suzy",
    "B01AHB9CN2"
  ],
  "47389": [
    "Pirate",
    "B01AHB9CN2"
  ],
  "16489": [
    "TBoard26",
    "B01AHB9CN2"
  ],
  "6189": [
    "menush",
    "B01AHB9CN2"
  ],
  "85692": [
    "Kristen",
    "B01AHB9CN2"
  ],
  "23892": [
    "Norgedotter",
    "B01AHB9CN2"
  ],
  "13592": [
    "CCSLC",
    "B01AHB9CN2"
  ],
  "3292": [
    "Camille",
    "B01AHB9CN2"
  ],
  "93095": [
    "Beba",
    "B01AHB9CN2"
  ],
  "72495": [
    "Cubsin2016",
    "B01AHB9CN2"
  ],
  "20995": [
    "Smooth",
    "B01AHB9CN2"
  ],
  "395": [
    "HappyShopper",
    "B01AHB9CN2"
  ],
  "79898": [
    "Owner",
    "B01AHB9CN2"
  ],
  "28398": [
    "bluebigman2006",
    "B01AHB9CN2"
  ],
  "77001": [
    "Kindle4Mom",
    "B01AHB9CN2"
  ],
  "35801": [
    "Bouncer",
    "B01AHB9CN2"
  ],
  "84404": [
    "crunchy",
    "B01AHB9CN2"
  ],
  "63804": [
    "Huskymark",
    "B01AHB9CN2"
  ],
  "32904": [
    "Danny",
    "B01AHB9CN2"
  ],
  "2004": [
    "jeff",
    "B01AHB9CN2"
  ],
  "81507": [
    "Rashmi",
    "B01AHB9CN2"
  ],
  "9407": [
    "jlt721",
    "B01AHB9CN2"
  ],
  "88910": [
    "KenC",
    "B01AHB9CN2"
  ],
  "78610": [
    "Pinky",
    "B01AHB9CN2"
  ],
  "68310": [
    "divapb",
    "B01AHB9CN2"
  ],
  "47710": [
    "Angie",
    "B01AHB9CN2"
  ],
  "16810": [
    "Justgamer66",
    "B01AHB9CN2"
  ],
  "96313": [
    "Nano",
    "B01AHB9CN2"
  ],
  "75713": [
    "LobosFam",
    "B01AHB9CN2"
  ],
  "13913": [
    "snannie",
    "B01AHB9CN2"
  ],
  "93416": [
    "Bill",
    "B01AHB9CN2"
  ],
  "21316": [
    "wrmsy",
    "B01AHB9CN2"
  ],
  "11016": [
    "bart",
    "B01AHB9CN2"
  ],
  "90519": [
    "Blaze",
    "B01AHB9CN2"
  ],
  "59619": [
    "Sunnygirl20",
    "B01AHB9CN2"
  ],
  "49319": [
    "Lori",
    "B01AHB9CN2"
  ],
  "18419": [
    "virgie",
    "B01AHB9CN2"
  ]
}