{
  "46663": [
    "Dmh1589",
    "B018Y229OU"
  ],
  "36363": [
    "Shoot2thril",
    "B018Y229OU"
  ],
  "15763": [
    "Barbara",
    "B018Y229OU"
  ],
  "5463": [
    "Elec8",
    "B018Y229OU"
  ],
  "54066": [
    "Silvrblur",
    "B018Y229OU"
  ],
  "33466": [
    "Trish",
    "B018Y229OU"
  ],
  "40869": [
    "airbear",
    "B018Y229OU"
  ],
  "30569": [
    "lorphe",
    "B018Y229OU"
  ],
  "89472": [
    "felix",
    "B018Y229OU"
  ],
  "48272": [
    "Bull99",
    "B018Y229OU"
  ]
}
