{
  "13869": [
    "kevint",
    "B018Y229OU"
  ],
  "18696": [
    "gwen",
    "B018Y229OU"
  ],
  "84356": [
    "Cassiemandm",
    "B018Y229OU"
  ],
  "53131": [
    "unchartedwaters",
    "B018Y229OU"
  ],
  "19655": [
    "scooter",
    "B018Y229OU"
  ],
  "77266": [
    "michael0616",
    "B018Y229OU"
  ],
  "43469": [
    "lachunky",
    "B018Y229OU"
  ],
  "81772": [
    "Challenger",
    "B018Y229OU"
  ],
  "26087": [
    "Pandora",
    "B018Y229OU"
  ],
  "1619": [
    "jproach81",
    "B018Y229OU"
  ],
  "1940": [
    "BStout",
    "B018Y229OU"
  ],
  "1294": [
    "MikeD",
    "B018Y229OU"
  ],
  "48609": [
    "wilobeast",
    "B018Y229OU"
  ],
  "28009": [
    "mamabear3",
    "B018Y229OU"
  ],
  "94315": [
    "Jahanas",
    "B018Y229OU"
  ],
  "50218": [
    "Heidi",
    "B018Y229OU"
  ],
  "12236": [
    "Keith",
    "B018Y229OU"
  ],
  "38951": [
    "NewtoApple",
    "B018Y229OU"
  ],
  "33157": [
    "DYANN",
    "B018Y229OU"
  ],
  "72423": [
    "Butterfly",
    "B018Y229OU"
  ]
}