{
  "91763": [
    "topcat",
    "B018Y229OU"
  ],
  "60863": [
    "Neici5",
    "B018Y229OU"
  ],
  "57966": [
    "friendship",
    "B018Y229OU"
  ],
  "65369": [
    "peanut",
    "B018Y229OU"
  ],
  "52172": [
    "RLB67",
    "B018Y229OU"
  ],
  "52493": [
    "MrRobert",
    "B018Y229OU"
  ],
  "31893": [
    "angel11742",
    "B018Y229OU"
  ],
  "49596": [
    "Alejandro",
    "B018Y229OU"
  ],
  "87899": [
    "Chandlergod",
    "B018Y229OU"
  ],
  "67299": [
    "Salish66",
    "B018Y229OU"
  ],
  "5499": [
    "sbcamera",
    "B018Y229OU"
  ],
  "85002": [
    "ricky",
    "B018Y229OU"
  ],
  "98520": [
    "Christian",
    "B018Y229OU"
  ],
  "57320": [
    "Kath",
    "B018Y229OU"
  ],
  "25132": [
    "br00klyn0716",
    "B018Y229OU"
  ],
  "41547": [
    "Mush",
    "B018Y229OU"
  ],
  "94656": [
    "db64",
    "B018Y229OU"
  ],
  "74056": [
    "klaa",
    "B018Y229OU"
  ],
  "42831": [
    "Roberto002007",
    "B018Y229OU"
  ],
  "11931": [
    "Dick",
    "B018Y229OU"
  ],
  "91434": [
    "CarlosEA",
    "B018Y229OU"
  ],
  "59246": [
    "JamesP",
    "B018Y229OU"
  ],
  "38646": [
    "Fluffygal",
    "B018Y229OU"
  ],
  "28346": [
    "Cyberwolf391",
    "B018Y229OU"
  ],
  "46049": [
    "EricO",
    "B018Y229OU"
  ],
  "81455": [
    "KellyGator74",
    "B018Y229OU"
  ],
  "29955": [
    "Dani",
    "B018Y229OU"
  ],
  "9355": [
    "Nikki",
    "B018Y229OU"
  ],
  "88858": [
    "julie",
    "B018Y229OU"
  ],
  "66970": [
    "Marky",
    "B018Y229OU"
  ],
  "96582": [
    "Senthil",
    "B018Y229OU"
  ],
  "86282": [
    "Livelaughlove83",
    "B018Y229OU"
  ],
  "23194": [
    "charley",
    "B018Y229OU"
  ],
  "61497": [
    "Ternic1",
    "B018Y229OU"
  ],
  "88533": [
    "Gert",
    "B018Y229OU"
  ],
  "57633": [
    "MEME",
    "B018Y229OU"
  ],
  "16433": [
    "dutch",
    "B018Y229OU"
  ],
  "93039": [
    "Birdie44",
    "B018Y229OU"
  ],
  "82739": [
    "hagg",
    "B018Y229OU"
  ],
  "59563": [
    "LadyEsco702",
    "B018Y229OU"
  ],
  "28663": [
    "safissad",
    "B018Y229OU"
  ],
  "87566": [
    "Steffi",
    "B018Y229OU"
  ],
  "83381": [
    "MrsDavenport",
    "B018Y229OU"
  ],
  "73081": [
    "SPONGEBOB22",
    "B018Y229OU"
  ],
  "42181": [
    "Madskillsmike",
    "B018Y229OU"
  ],
  "981": [
    "borikua323",
    "B018Y229OU"
  ],
  "70184": [
    "Jmstott87",
    "B018Y229OU"
  ],
  "46687": [
    "Peaches",
    "B018Y229OU"
  ],
  "43790": [
    "debi",
    "B018Y229OU"
  ],
  "12890": [
    "Hpanic22",
    "B018Y229OU"
  ],
  "71793": [
    "Jodee",
    "B018Y229OU"
  ],
  "40893": [
    "Rena",
    "B018Y229OU"
  ],
  "48296": [
    "Tero",
    "B018Y229OU"
  ],
  "27696": [
    "Georgegeorgegeorge",
    "B018Y229OU"
  ],
  "7096": [
    "Bverona",
    "B018Y229OU"
  ],
  "21902": [
    "hortencia",
    "B018Y229OU"
  ],
  "91105": [
    "KARob",
    "B018Y229OU"
  ],
  "80805": [
    "Camsmom55",
    "B018Y229OU"
  ],
  "49905": [
    "Kristie",
    "B018Y229OU"
  ],
  "29305": [
    "Jefferson27",
    "B018Y229OU"
  ],
  "88208": [
    "smile",
    "B018Y229OU"
  ],
  "47008": [
    "stephfasc22",
    "B018Y229OU"
  ],
  "16108": [
    "RjokerS",
    "B018Y229OU"
  ],
  "44111": [
    "louise",
    "B018Y229OU"
  ],
  "41214": [
    "Joel",
    "B018Y229OU"
  ],
  "14820": [
    "Kingpin",
    "B018Y229OU"
  ],
  "53123": [
    "Duck",
    "B018Y229OU"
  ],
  "57629": [
    "AF16",
    "B018Y229OU"
  ],
  "37029": [
    "Rod3",
    "B018Y229OU"
  ],
  "10635": [
    "Donova",
    "B018Y229OU"
  ],
  "25441": [
    "Libbydavinci1",
    "B018Y229OU"
  ],
  "53765": [
    "Noctoynal",
    "B018Y229OU"
  ],
  "43465": [
    "BobThePirate",
    "B018Y229OU"
  ],
  "92068": [
    "Treas",
    "B018Y229OU"
  ],
  "23507": [
    "maymontjim",
    "B018Y229OU"
  ],
  "63419": [
    "sweetpea58",
    "B018Y229OU"
  ],
  "29622": [
    "acorn",
    "B018Y229OU"
  ],
  "19322": [
    "Suai1971",
    "B018Y229OU"
  ],
  "88525": [
    "teacher",
    "B018Y229OU"
  ],
  "37025": [
    "Sprtzs",
    "B018Y229OU"
  ],
  "16425": [
    "GiGi",
    "B018Y229OU"
  ],
  "85628": [
    "Mycreation64",
    "B018Y229OU"
  ],
  "65028": [
    "Chip",
    "B018Y229OU"
  ],
  "34128": [
    "Briancardoctor",
    "B018Y229OU"
  ],
  "23828": [
    "Mytown",
    "B018Y229OU"
  ],
  "93031": [
    "cmlatina59",
    "B018Y229OU"
  ],
  "72431": [
    "towser",
    "B018Y229OU"
  ],
  "62131": [
    "farmer12",
    "B018Y229OU"
  ],
  "20931": [
    "Dwarvenwarrior",
    "B018Y229OU"
  ],
  "90134": [
    "ldacwa",
    "B018Y229OU"
  ],
  "69534": [
    "Ronnie",
    "B018Y229OU"
  ],
  "35737": [
    "Brad",
    "B018Y229OU"
  ],
  "15137": [
    "Db91",
    "B018Y229OU"
  ],
  "32840": [
    "BOLO",
    "B018Y229OU"
  ],
  "91743": [
    "Fyfec",
    "B018Y229OU"
  ],
  "60843": [
    "2356",
    "B018Y229OU"
  ],
  "80797": [
    "jm22",
    "B018Y229OU"
  ],
  "16100": [
    "chele",
    "B018Y229OU"
  ],
  "92706": [
    "Ilovebestbuy",
    "B018Y229OU"
  ],
  "72106": [
    "LazaroX",
    "B018Y229OU"
  ],
  "51506": [
    "nick6413",
    "B018Y229OU"
  ],
  "30906": [
    "newday",
    "B018Y229OU"
  ],
  "20606": [
    "IDK2013",
    "B018Y229OU"
  ],
  "58909": [
    "sinner",
    "B018Y229OU"
  ],
  "17709": [
    "LUIS2016",
    "B018Y229OU"
  ],
  "7409": [
    "Michelleleebabe",
    "B018Y229OU"
  ],
  "97212": [
    "Treecee",
    "B018Y229OU"
  ],
  "63415": [
    "Skeet5199",
    "B018Y229OU"
  ],
  "22215": [
    "Cbrcowboy",
    "B018Y229OU"
  ],
  "1615": [
    "Stewarts4",
    "B018Y229OU"
  ],
  "91418": [
    "Jules",
    "B018Y229OU"
  ],
  "34124": [
    "Denis",
    "B018Y229OU"
  ],
  "41527": [
    "Path165",
    "B018Y229OU"
  ],
  "10627": [
    "Zach",
    "B018Y229OU"
  ],
  "48930": [
    "Kristine",
    "B018Y229OU"
  ],
  "84336": [
    "Stephaniep",
    "B018Y229OU"
  ],
  "74036": [
    "cstike",
    "B018Y229OU"
  ],
  "43136": [
    "Neecy",
    "B018Y229OU"
  ],
  "1936": [
    "dhonda42",
    "B018Y229OU"
  ],
  "81439": [
    "samsungin",
    "B018Y229OU"
  ],
  "55045": [
    "Connies",
    "B018Y229OU"
  ],
  "93348": [
    "094m41",
    "B018Y229OU"
  ],
  "72748": [
    "Mimi",
    "B018Y229OU"
  ],
  "41848": [
    "toad",
    "B018Y229OU"
  ],
  "84657": [
    "justbnme",
    "B018Y229OU"
  ],
  "53757": [
    "Brown",
    "B018Y229OU"
  ],
  "12557": [
    "AllDay",
    "B018Y229OU"
  ],
  "92060": [
    "Staceyja876",
    "B018Y229OU"
  ],
  "61160": [
    "gerrys",
    "B018Y229OU"
  ],
  "40560": [
    "Herman",
    "B018Y229OU"
  ],
  "93023": [
    "Rosegring",
    "B018Y229OU"
  ]
}