{
  "83072": [
    "lonewolf",
    "B018Y229OU"
  ],
  "63756": [
    "AmazonFireUser",
    "B018Y229OU"
  ],
  "35749": [
    "Junior",
    "B018Y229OU"
  ],
  "71155": [
    "Emc2natural",
    "B018Y229OU"
  ],
  "60855": [
    "TerrieT",
    "B018Y229OU"
  ],
  "98833": [
    "Lewis",
    "B018Y229OU"
  ],
  "13536": [
    "Silvia",
    "B018Y229OU"
  ],
  "48942": [
    "inkcart",
    "B018Y229OU"
  ],
  "46366": [
    "Amber",
    "B018Y229OU"
  ],
  "31881": [
    "iMax",
    "B018Y229OU"
  ],
  "59884": [
    "deadman197",
    "B018Y229OU"
  ],
  "82093": [
    "Playwithit",
    "B018Y229OU"
  ],
  "61493": [
    "mysixpack",
    "B018Y229OU"
  ],
  "79196": [
    "Deejay",
    "B018Y229OU"
  ],
  "51514": [
    "TheKnight",
    "B018Y229OU"
  ],
  "9026": [
    "fenton",
    "B018Y229OU"
  ],
  "75332": [
    "flakpup",
    "B018Y229OU"
  ],
  "46362": [
    "john1",
    "B018Y229OU"
  ],
  "46037": [
    "froning",
    "B018Y229OU"
  ],
  "75324": [
    "meemee",
    "B018Y229OU"
  ],
  "10948": [
    "Sashy8",
    "B018Y229OU"
  ]
}