{
  "15799": [
    "Ace352",
    "B018Y229OU"
  ],
  "95302": [
    "kmart",
    "B018Y229OU"
  ],
  "32214": [
    "Justeye",
    "B018Y229OU"
  ],
  "5820": [
    "Doug",
    "B018Y229OU"
  ],
  "41222": [
    "Mhitech",
    "B018Y229OU"
  ],
  "25770": [
    "Macgivor",
    "B018Y229OU"
  ],
  "33169": [
    "coupedeville",
    "B018Y229OU"
  ],
  "12569": [
    "juke",
    "B018Y229OU"
  ],
  "92072": [
    "Mini",
    "B018Y229OU"
  ],
  "50872": [
    "philsurfs",
    "B018Y229OU"
  ],
  "19972": [
    "Dominique",
    "B018Y229OU"
  ],
  "24799": [
    "ddrick",
    "B018Y229OU"
  ],
  "19326": [
    "tabletowner",
    "B018Y229OU"
  ],
  "18038": [
    "Sayed",
    "B018Y229OU"
  ],
  "13207": [
    "OMJ55",
    "B018Y229OU"
  ],
  "3228": [
    "Miggs",
    "B018Y229OU"
  ],
  "79834": [
    "Leoh",
    "B018Y229OU"
  ],
  "56337": [
    "tony",
    "B018Y229OU"
  ],
  "39597": [
    "poppop56",
    "B018Y229OU"
  ],
  "93027": [
    "Vada",
    "B018Y229OU"
  ],
  "51827": [
    "Skinner",
    "B018Y229OU"
  ],
  "76933": [
    "Luv2Hike",
    "B018Y229OU"
  ],
  "66633": [
    "sleepypups",
    "B018Y229OU"
  ],
  "63736": [
    "SaucyMama",
    "B018Y229OU"
  ],
  "53436": [
    "Soffee",
    "B018Y229OU"
  ],
  "29939": [
    "CCM2016",
    "B018Y229OU"
  ],
  "27042": [
    "Toshiba",
    "B018Y229OU"
  ],
  "65345": [
    "SamsonJ",
    "B018Y229OU"
  ],
  "49251": [
    "Chad",
    "B018Y229OU"
  ],
  "64057": [
    "Thizbp",
    "B018Y229OU"
  ],
  "50860": [
    "cmoemoe",
    "B018Y229OU"
  ]
}